2025-04-03 01:27:58,577 INFO [main] c.x.job.admin.XxlJobAdminApplication [StartupInfoLogger.java : 55] Starting XxlJobAdminApplication using Java 1.8.0_442 on ubuntu with PID 42333 (/home/zzy/xxljob/xxl-job-2.5.0(kingbase)/xxl-job-admin/target/classes started by zzy in /home/zzy/xxljob/xxl-job-2.5.0(kingbase))
2025-04-03 01:27:58,585 INFO [main] c.x.job.admin.XxlJobAdminApplication [SpringApplication.java : 632] No active profile set, falling back to 1 default profile: "default"
2025-04-03 01:28:01,070 INFO [main] o.s.b.w.e.tomcat.TomcatWebServer [TomcatWebServer.java : 108] Tomcat initialized with port(s): 8080 (http)
2025-04-03 01:28:01,080 INFO [main] o.a.coyote.http11.Http11NioProtocol [DirectJDKLog.java : 173] Initializing ProtocolHandler ["http-nio-8080"]
2025-04-03 01:28:01,082 INFO [main] o.a.catalina.core.StandardService [DirectJDKLog.java : 173] Starting service [Tomcat]
2025-04-03 01:28:01,083 INFO [main] o.a.catalina.core.StandardEngine [DirectJDKLog.java : 173] Starting Servlet engine: [Apache Tomcat/9.0.83]
2025-04-03 01:28:01,189 INFO [main] o.a.c.c.C.[.[.[/xxl-job-admin] [DirectJDKLog.java : 173] Initializing Spring embedded WebApplicationContext
2025-04-03 01:28:01,190 INFO [main] o.s.b.w.s.c.ServletWebServerApplicationContext [ServletWebServerApplicationContext.java : 292] Root WebApplicationContext: initialization completed in 2196 ms
2025-04-03 01:28:01,822 INFO [main] com.zaxxer.hikari.HikariDataSource [HikariDataSource.java : 110] HikariCP - Starting...
2025-04-03 01:28:01,952 INFO [main] com.zaxxer.hikari.HikariDataSource [HikariDataSource.java : 123] HikariCP - Start completed.
2025-04-03 01:28:02,188 INFO [main] c.x.j.a.c.scheduler.XxlJobScheduler [XxlJobScheduler.java : 45] >>>>>>>>> init xxl-job admin success.
2025-04-03 01:28:02,445 INFO [main] o.s.b.a.w.s.WelcomePageHandlerMapping [WelcomePageHandlerMapping.java : 60] Adding welcome page template: index
2025-04-03 01:28:03,139 INFO [main] o.s.b.a.e.web.EndpointLinksResolver [EndpointLinksResolver.java : 58] Exposing 1 endpoint(s) beneath base path '/actuator'
2025-04-03 01:28:03,181 INFO [main] o.a.coyote.http11.Http11NioProtocol [DirectJDKLog.java : 173] Starting ProtocolHandler ["http-nio-8080"]
2025-04-03 01:28:03,212 INFO [main] o.a.c.c.C.[.[.[/xxl-job-admin] [DirectJDKLog.java : 173] Initializing Spring DispatcherServlet 'dispatcherServlet'
2025-04-03 01:28:03,212 INFO [main] o.s.web.servlet.DispatcherServlet [FrameworkServlet.java : 525] Initializing Servlet 'dispatcherServlet'
2025-04-03 01:28:03,214 INFO [main] o.s.web.servlet.DispatcherServlet [FrameworkServlet.java : 547] Completed initialization in 2 ms
2025-04-03 01:28:03,217 INFO [main] o.s.b.w.e.tomcat.TomcatWebServer [TomcatWebServer.java : 220] Tomcat started on port(s): 8080 (http) with context path '/xxl-job-admin'
2025-04-03 01:28:03,233 INFO [main] c.x.job.admin.XxlJobAdminApplication [StartupInfoLogger.java : 61] Started XxlJobAdminApplication in 5.492 seconds (JVM running for 6.868)
2025-04-03 01:28:07,001 INFO [xxl-job, admin JobScheduleHelper#scheduleThread] c.x.j.a.c.thread.JobScheduleHelper [JobScheduleHelper.java : 52] >>>>>>>>> init xxl-job admin scheduler success.
2025-04-03 01:28:09,927 INFO [xxl-job, admin JobScheduleHelper#scheduleThread] c.x.j.a.c.thread.JobScheduleHelper [JobScheduleHelper.java : 212] >>>>>>>>>>> xxl-job, JobScheduleHelper#scheduleThread stop
2025-04-03 01:28:10,001 INFO [xxl-job, admin JobScheduleHelper#ringThread] c.x.j.a.c.thread.JobScheduleHelper [JobScheduleHelper.java : 264] >>>>>>>>>>> xxl-job, JobScheduleHelper#ringThread stop
2025-04-03 01:28:10,929 INFO [SpringApplicationShutdownHook] c.x.j.a.c.thread.JobScheduleHelper [JobScheduleHelper.java : 364] >>>>>>>>>>> xxl-job, JobScheduleHelper stop
2025-04-03 01:28:10,930 INFO [xxl-job, admin JobLogReportHelper] c.x.j.a.c.thread.JobLogReportHelper [JobLogReportHelper.java : 135] >>>>>>>>>>> xxl-job, job log report thread stop
2025-04-03 01:28:10,930 INFO [xxl-job, admin JobLosedMonitorHelper] c.x.j.a.c.thread.JobCompleteHelper [JobCompleteHelper.java : 111] >>>>>>>>>>> xxl-job, JobLosedMonitorHelper stop
2025-04-03 01:28:10,931 INFO [xxl-job, admin JobFailMonitorHelper] c.x.j.a.c.t.JobFailMonitorHelper [JobFailMonitorHelper.java : 90] >>>>>>>>>>> xxl-job, job fail monitor thread stop
2025-04-03 01:28:10,932 INFO [xxl-job, admin JobRegistryMonitorHelper-registryMonitorThread] c.x.j.a.c.thread.JobRegistryHelper [JobRegistryHelper.java : 123] >>>>>>>>>>> xxl-job, job registry monitor thread stop
2025-04-03 01:28:10,932 INFO [SpringApplicationShutdownHook] c.x.j.a.c.t.JobTriggerPoolHelper [JobTriggerPoolHelper.java : 60] >>>>>>>>> xxl-job trigger thread pool shutdown success.
2025-04-03 01:28:10,934 INFO [SpringApplicationShutdownHook] com.zaxxer.hikari.HikariDataSource [HikariDataSource.java : 350] HikariCP - Shutdown initiated...
2025-04-03 01:28:10,943 INFO [SpringApplicationShutdownHook] com.zaxxer.hikari.HikariDataSource [HikariDataSource.java : 352] HikariCP - Shutdown completed.
2025-04-03 01:31:40,469 INFO [main] c.x.job.admin.XxlJobAdminApplication [StartupInfoLogger.java : 55] Starting XxlJobAdminApplication using Java 1.8.0_442 on ubuntu with PID 42633 (/home/zzy/xxljob/xxl-job-2.5.0(kingbase)/xxl-job-admin/target/classes started by zzy in /home/zzy/xxljob/xxl-job-2.5.0(kingbase))
2025-04-03 01:31:40,474 INFO [main] c.x.job.admin.XxlJobAdminApplication [SpringApplication.java : 632] No active profile set, falling back to 1 default profile: "default"
2025-04-03 01:31:42,519 INFO [main] o.s.b.w.e.tomcat.TomcatWebServer [TomcatWebServer.java : 108] Tomcat initialized with port(s): 8080 (http)
2025-04-03 01:31:42,529 INFO [main] o.a.coyote.http11.Http11NioProtocol [DirectJDKLog.java : 173] Initializing ProtocolHandler ["http-nio-8080"]
2025-04-03 01:31:42,534 INFO [main] o.a.catalina.core.StandardService [DirectJDKLog.java : 173] Starting service [Tomcat]
2025-04-03 01:31:42,535 INFO [main] o.a.catalina.core.StandardEngine [DirectJDKLog.java : 173] Starting Servlet engine: [Apache Tomcat/9.0.83]
2025-04-03 01:31:42,637 INFO [main] o.a.c.c.C.[.[.[/xxl-job-admin] [DirectJDKLog.java : 173] Initializing Spring embedded WebApplicationContext
2025-04-03 01:31:42,638 INFO [main] o.s.b.w.s.c.ServletWebServerApplicationContext [ServletWebServerApplicationContext.java : 292] Root WebApplicationContext: initialization completed in 1707 ms
2025-04-03 01:31:43,724 INFO [main] com.zaxxer.hikari.HikariDataSource [HikariDataSource.java : 110] HikariCP - Starting...
2025-04-03 01:31:43,864 INFO [main] com.zaxxer.hikari.HikariDataSource [HikariDataSource.java : 123] HikariCP - Start completed.
2025-04-03 01:31:44,196 INFO [main] c.x.j.a.c.scheduler.XxlJobScheduler [XxlJobScheduler.java : 45] >>>>>>>>> init xxl-job admin success.
2025-04-03 01:31:44,434 INFO [main] o.s.b.a.w.s.WelcomePageHandlerMapping [WelcomePageHandlerMapping.java : 60] Adding welcome page template: index
2025-04-03 01:31:45,014 INFO [main] o.s.b.a.e.web.EndpointLinksResolver [EndpointLinksResolver.java : 58] Exposing 1 endpoint(s) beneath base path '/actuator'
2025-04-03 01:31:45,050 INFO [main] o.a.coyote.http11.Http11NioProtocol [DirectJDKLog.java : 173] Starting ProtocolHandler ["http-nio-8080"]
2025-04-03 01:31:45,067 INFO [main] o.a.c.c.C.[.[.[/xxl-job-admin] [DirectJDKLog.java : 173] Initializing Spring DispatcherServlet 'dispatcherServlet'
2025-04-03 01:31:45,068 INFO [main] o.s.web.servlet.DispatcherServlet [FrameworkServlet.java : 525] Initializing Servlet 'dispatcherServlet'
2025-04-03 01:31:45,069 INFO [main] o.s.web.servlet.DispatcherServlet [FrameworkServlet.java : 547] Completed initialization in 1 ms
2025-04-03 01:31:45,071 INFO [main] o.s.b.w.e.tomcat.TomcatWebServer [TomcatWebServer.java : 220] Tomcat started on port(s): 8080 (http) with context path '/xxl-job-admin'
2025-04-03 01:31:45,089 INFO [main] c.x.job.admin.XxlJobAdminApplication [StartupInfoLogger.java : 61] Started XxlJobAdminApplication in 5.35 seconds (JVM running for 6.384)
2025-04-03 01:31:49,000 INFO [xxl-job, admin JobScheduleHelper#scheduleThread] c.x.j.a.c.thread.JobScheduleHelper [JobScheduleHelper.java : 52] >>>>>>>>> init xxl-job admin scheduler success.
2025-04-03 01:36:42,035 INFO [xxl-job, admin JobScheduleHelper#scheduleThread] c.x.j.a.c.thread.JobScheduleHelper [JobScheduleHelper.java : 212] >>>>>>>>>>> xxl-job, JobScheduleHelper#scheduleThread stop
2025-04-03 01:36:43,002 INFO [xxl-job, admin JobScheduleHelper#ringThread] c.x.j.a.c.thread.JobScheduleHelper [JobScheduleHelper.java : 264] >>>>>>>>>>> xxl-job, JobScheduleHelper#ringThread stop
2025-04-03 01:36:43,036 INFO [SpringApplicationShutdownHook] c.x.j.a.c.thread.JobScheduleHelper [JobScheduleHelper.java : 364] >>>>>>>>>>> xxl-job, JobScheduleHelper stop
2025-04-03 01:36:43,037 INFO [xxl-job, admin JobLogReportHelper] c.x.j.a.c.thread.JobLogReportHelper [JobLogReportHelper.java : 139] >>>>>>>>>>> xxl-job, job log report thread stop
2025-04-03 01:36:43,038 INFO [xxl-job, admin JobLosedMonitorHelper] c.x.j.a.c.thread.JobCompleteHelper [JobCompleteHelper.java : 111] >>>>>>>>>>> xxl-job, JobLosedMonitorHelper stop
2025-04-03 01:36:43,039 INFO [xxl-job, admin JobFailMonitorHelper] c.x.j.a.c.t.JobFailMonitorHelper [JobFailMonitorHelper.java : 90] >>>>>>>>>>> xxl-job, job fail monitor thread stop
2025-04-03 01:36:43,039 INFO [xxl-job, admin JobRegistryMonitorHelper-registryMonitorThread] c.x.j.a.c.thread.JobRegistryHelper [JobRegistryHelper.java : 123] >>>>>>>>>>> xxl-job, job registry monitor thread stop
2025-04-03 01:36:43,040 INFO [SpringApplicationShutdownHook] c.x.j.a.c.t.JobTriggerPoolHelper [JobTriggerPoolHelper.java : 60] >>>>>>>>> xxl-job trigger thread pool shutdown success.
2025-04-03 01:36:43,044 INFO [SpringApplicationShutdownHook] com.zaxxer.hikari.HikariDataSource [HikariDataSource.java : 350] HikariCP - Shutdown initiated...
2025-04-03 01:36:43,069 INFO [SpringApplicationShutdownHook] com.zaxxer.hikari.HikariDataSource [HikariDataSource.java : 352] HikariCP - Shutdown completed.
2025-04-03 02:41:13,795 INFO [main] c.x.job.admin.XxlJobAdminApplication [StartupInfoLogger.java : 55] Starting XxlJobAdminApplication using Java 1.8.0_442 on ubuntu with PID 56813 (/home/zzy/xxljob/xxl-job-2.5.0(kingbase)/xxl-job-admin/target/classes started by zzy in /home/zzy/xxljob/xxl-job-2.5.0(kingbase))
2025-04-03 02:41:13,800 INFO [main] c.x.job.admin.XxlJobAdminApplication [SpringApplication.java : 632] No active profile set, falling back to 1 default profile: "default"
2025-04-03 02:41:15,426 INFO [main] o.s.b.w.e.tomcat.TomcatWebServer [TomcatWebServer.java : 108] Tomcat initialized with port(s): 8080 (http)
2025-04-03 02:41:15,435 INFO [main] o.a.coyote.http11.Http11NioProtocol [DirectJDKLog.java : 173] Initializing ProtocolHandler ["http-nio-8080"]
2025-04-03 02:41:15,437 INFO [main] o.a.catalina.core.StandardService [DirectJDKLog.java : 173] Starting service [Tomcat]
2025-04-03 02:41:15,437 INFO [main] o.a.catalina.core.StandardEngine [DirectJDKLog.java : 173] Starting Servlet engine: [Apache Tomcat/9.0.83]
2025-04-03 02:41:15,529 INFO [main] o.a.c.c.C.[.[.[/xxl-job-admin] [DirectJDKLog.java : 173] Initializing Spring embedded WebApplicationContext
2025-04-03 02:41:15,529 INFO [main] o.s.b.w.s.c.ServletWebServerApplicationContext [ServletWebServerApplicationContext.java : 292] Root WebApplicationContext: initialization completed in 1484 ms
2025-04-03 02:41:15,922 INFO [main] com.zaxxer.hikari.HikariDataSource [HikariDataSource.java : 110] HikariCP - Starting...
2025-04-03 02:41:16,095 INFO [main] com.zaxxer.hikari.HikariDataSource [HikariDataSource.java : 123] HikariCP - Start completed.
2025-04-03 02:41:16,556 INFO [main] c.x.j.a.c.scheduler.XxlJobScheduler [XxlJobScheduler.java : 45] >>>>>>>>> init xxl-job admin success.
2025-04-03 02:41:16,668 ERROR [xxl-job, admin JobRegistryMonitorHelper-registryMonitorThread] c.x.j.a.c.thread.JobRegistryHelper [JobRegistryHelper.java : 112] >>>>>>>>>>> xxl-job, job registry monitor thread error:{}
org.springframework.jdbc.BadSqlGrammarException: 
### Error querying database.  Cause: com.kingbase8.util.KSQLException: ERROR: function numtodsinterval(integer, unknown) does not exist
  Hint: No function matches the given name and argument types. You might need to add explicit type casts.
  Position: 102 At Line: 5, Line Position: 29
### The error may exist in file [/home/zzy/xxljob/xxl-job-2.5.0(kingbase)/xxl-job-admin/target/classes/mybatis-mapper/XxlJobRegistryMapper.xml]
### The error may involve com.xxl.job.admin.dao.XxlJobRegistryDao.findDead-Inline
### The error occurred while setting parameters
### SQL: SELECT t.id   FROM xxl_job_registry AS t   WHERE t.update_time   <           cast(? as timestamp) - numtodsinterval(?,'SECOND')
### Cause: com.kingbase8.util.KSQLException: ERROR: function numtodsinterval(integer, unknown) does not exist
  Hint: No function matches the given name and argument types. You might need to add explicit type casts.
  Position: 102 At Line: 5, Line Position: 29
; bad SQL grammar []; nested exception is com.kingbase8.util.KSQLException: ERROR: function numtodsinterval(integer, unknown) does not exist
  Hint: No function matches the given name and argument types. You might need to add explicit type casts.
  Position: 102 At Line: 5, Line Position: 29
	at org.springframework.jdbc.support.SQLStateSQLExceptionTranslator.doTranslate(SQLStateSQLExceptionTranslator.java:101)
	at org.springframework.jdbc.support.AbstractFallbackSQLExceptionTranslator.translate(AbstractFallbackSQLExceptionTranslator.java:73)
	at org.springframework.jdbc.support.AbstractFallbackSQLExceptionTranslator.translate(AbstractFallbackSQLExceptionTranslator.java:82)
	at org.springframework.jdbc.support.AbstractFallbackSQLExceptionTranslator.translate(AbstractFallbackSQLExceptionTranslator.java:82)
	at org.mybatis.spring.MyBatisExceptionTranslator.translateExceptionIfPossible(MyBatisExceptionTranslator.java:92)
	at org.mybatis.spring.SqlSessionTemplate$SqlSessionInterceptor.invoke(SqlSessionTemplate.java:439)
	at com.sun.proxy.$Proxy78.selectList(Unknown Source)
	at org.mybatis.spring.SqlSessionTemplate.selectList(SqlSessionTemplate.java:224)
	at org.apache.ibatis.binding.MapperMethod.executeForMany(MapperMethod.java:147)
	at org.apache.ibatis.binding.MapperMethod.execute(MapperMethod.java:80)
	at org.apache.ibatis.binding.MapperProxy$PlainMethodInvoker.invoke(MapperProxy.java:141)
	at org.apache.ibatis.binding.MapperProxy.invoke(MapperProxy.java:86)
	at com.sun.proxy.$Proxy85.findDead(Unknown Source)
	at com.xxl.job.admin.core.thread.JobRegistryHelper$3.run(JobRegistryHelper.java:66)
	at java.lang.Thread.run(Thread.java:750)
Caused by: com.kingbase8.util.KSQLException: ERROR: function numtodsinterval(integer, unknown) does not exist
  Hint: No function matches the given name and argument types. You might need to add explicit type casts.
  Position: 102 At Line: 5, Line Position: 29
	at com.kingbase8.core.v3.QueryExecutorImpl.receiveErrorResponse(QueryExecutorImpl.java:3719)
	at com.kingbase8.core.v3.QueryExecutorImpl.processResults(QueryExecutorImpl.java:3144)
	at com.kingbase8.core.v3.QueryExecutorImpl.execute(QueryExecutorImpl.java:412)
	at com.kingbase8.jdbc.KbStatement.executeInternal_(KbStatement.java:859)
	at com.kingbase8.jdbc.KbStatement.execute(KbStatement.java:746)
	at com.kingbase8.jdbc.KbPreparedStatement.executeWithFlags(KbPreparedStatement.java:290)
	at com.kingbase8.jdbc.KbPreparedStatement.execute(KbPreparedStatement.java:269)
	at com.zaxxer.hikari.pool.ProxyPreparedStatement.execute(ProxyPreparedStatement.java:44)
	at com.zaxxer.hikari.pool.HikariProxyPreparedStatement.execute(HikariProxyPreparedStatement.java)
	at org.apache.ibatis.executor.statement.PreparedStatementHandler.query(PreparedStatementHandler.java:65)
	at org.apache.ibatis.executor.statement.RoutingStatementHandler.query(RoutingStatementHandler.java:80)
	at org.apache.ibatis.executor.SimpleExecutor.doQuery(SimpleExecutor.java:65)
	at org.apache.ibatis.executor.BaseExecutor.queryFromDatabase(BaseExecutor.java:336)
	at org.apache.ibatis.executor.BaseExecutor.query(BaseExecutor.java:158)
	at org.apache.ibatis.executor.CachingExecutor.query(CachingExecutor.java:110)
	at org.apache.ibatis.executor.CachingExecutor.query(CachingExecutor.java:90)
	at org.apache.ibatis.session.defaults.DefaultSqlSession.selectList(DefaultSqlSession.java:154)
	at org.apache.ibatis.session.defaults.DefaultSqlSession.selectList(DefaultSqlSession.java:147)
	at org.apache.ibatis.session.defaults.DefaultSqlSession.selectList(DefaultSqlSession.java:142)
	at sun.reflect.NativeMethodAccessorImpl.invoke0(Native Method)
	at sun.reflect.NativeMethodAccessorImpl.invoke(NativeMethodAccessorImpl.java:62)
	at sun.reflect.DelegatingMethodAccessorImpl.invoke(DelegatingMethodAccessorImpl.java:43)
	at java.lang.reflect.Method.invoke(Method.java:498)
	at org.mybatis.spring.SqlSessionTemplate$SqlSessionInterceptor.invoke(SqlSessionTemplate.java:425)
	... 9 common frames omitted
2025-04-03 02:41:16,786 INFO [main] o.s.b.a.w.s.WelcomePageHandlerMapping [WelcomePageHandlerMapping.java : 60] Adding welcome page template: index
2025-04-03 02:41:17,364 INFO [main] o.s.b.a.e.web.EndpointLinksResolver [EndpointLinksResolver.java : 58] Exposing 1 endpoint(s) beneath base path '/actuator'
2025-04-03 02:41:17,390 INFO [main] o.a.coyote.http11.Http11NioProtocol [DirectJDKLog.java : 173] Starting ProtocolHandler ["http-nio-8080"]
2025-04-03 02:41:17,418 INFO [main] o.a.c.c.C.[.[.[/xxl-job-admin] [DirectJDKLog.java : 173] Initializing Spring DispatcherServlet 'dispatcherServlet'
2025-04-03 02:41:17,418 INFO [main] o.s.web.servlet.DispatcherServlet [FrameworkServlet.java : 525] Initializing Servlet 'dispatcherServlet'
2025-04-03 02:41:17,419 INFO [main] o.s.web.servlet.DispatcherServlet [FrameworkServlet.java : 547] Completed initialization in 1 ms
2025-04-03 02:41:17,421 INFO [main] o.s.b.w.e.tomcat.TomcatWebServer [TomcatWebServer.java : 220] Tomcat started on port(s): 8080 (http) with context path '/xxl-job-admin'
2025-04-03 02:41:17,434 INFO [main] c.x.job.admin.XxlJobAdminApplication [StartupInfoLogger.java : 61] Started XxlJobAdminApplication in 4.016 seconds (JVM running for 6.293)
2025-04-03 02:41:21,000 INFO [xxl-job, admin JobScheduleHelper#scheduleThread] c.x.j.a.c.thread.JobScheduleHelper [JobScheduleHelper.java : 52] >>>>>>>>> init xxl-job admin scheduler success.
2025-04-03 02:41:46,673 ERROR [xxl-job, admin JobRegistryMonitorHelper-registryMonitorThread] c.x.j.a.c.thread.JobRegistryHelper [JobRegistryHelper.java : 112] >>>>>>>>>>> xxl-job, job registry monitor thread error:{}
org.springframework.jdbc.BadSqlGrammarException: 
### Error querying database.  Cause: com.kingbase8.util.KSQLException: ERROR: function numtodsinterval(integer, unknown) does not exist
  Hint: No function matches the given name and argument types. You might need to add explicit type casts.
  Position: 102 At Line: 5, Line Position: 29
### The error may exist in file [/home/zzy/xxljob/xxl-job-2.5.0(kingbase)/xxl-job-admin/target/classes/mybatis-mapper/XxlJobRegistryMapper.xml]
### The error may involve com.xxl.job.admin.dao.XxlJobRegistryDao.findDead-Inline
### The error occurred while setting parameters
### SQL: SELECT t.id   FROM xxl_job_registry AS t   WHERE t.update_time   <           cast(? as timestamp) - numtodsinterval(?,'SECOND')
### Cause: com.kingbase8.util.KSQLException: ERROR: function numtodsinterval(integer, unknown) does not exist
  Hint: No function matches the given name and argument types. You might need to add explicit type casts.
  Position: 102 At Line: 5, Line Position: 29
; bad SQL grammar []; nested exception is com.kingbase8.util.KSQLException: ERROR: function numtodsinterval(integer, unknown) does not exist
  Hint: No function matches the given name and argument types. You might need to add explicit type casts.
  Position: 102 At Line: 5, Line Position: 29
	at org.springframework.jdbc.support.SQLStateSQLExceptionTranslator.doTranslate(SQLStateSQLExceptionTranslator.java:101)
	at org.springframework.jdbc.support.AbstractFallbackSQLExceptionTranslator.translate(AbstractFallbackSQLExceptionTranslator.java:73)
	at org.springframework.jdbc.support.AbstractFallbackSQLExceptionTranslator.translate(AbstractFallbackSQLExceptionTranslator.java:82)
	at org.springframework.jdbc.support.AbstractFallbackSQLExceptionTranslator.translate(AbstractFallbackSQLExceptionTranslator.java:82)
	at org.mybatis.spring.MyBatisExceptionTranslator.translateExceptionIfPossible(MyBatisExceptionTranslator.java:92)
	at org.mybatis.spring.SqlSessionTemplate$SqlSessionInterceptor.invoke(SqlSessionTemplate.java:439)
	at com.sun.proxy.$Proxy78.selectList(Unknown Source)
	at org.mybatis.spring.SqlSessionTemplate.selectList(SqlSessionTemplate.java:224)
	at org.apache.ibatis.binding.MapperMethod.executeForMany(MapperMethod.java:147)
	at org.apache.ibatis.binding.MapperMethod.execute(MapperMethod.java:80)
	at org.apache.ibatis.binding.MapperProxy$PlainMethodInvoker.invoke(MapperProxy.java:141)
	at org.apache.ibatis.binding.MapperProxy.invoke(MapperProxy.java:86)
	at com.sun.proxy.$Proxy85.findDead(Unknown Source)
	at com.xxl.job.admin.core.thread.JobRegistryHelper$3.run(JobRegistryHelper.java:66)
	at java.lang.Thread.run(Thread.java:750)
Caused by: com.kingbase8.util.KSQLException: ERROR: function numtodsinterval(integer, unknown) does not exist
  Hint: No function matches the given name and argument types. You might need to add explicit type casts.
  Position: 102 At Line: 5, Line Position: 29
	at com.kingbase8.core.v3.QueryExecutorImpl.receiveErrorResponse(QueryExecutorImpl.java:3719)
	at com.kingbase8.core.v3.QueryExecutorImpl.processResults(QueryExecutorImpl.java:3144)
	at com.kingbase8.core.v3.QueryExecutorImpl.execute(QueryExecutorImpl.java:412)
	at com.kingbase8.jdbc.KbStatement.executeInternal_(KbStatement.java:859)
	at com.kingbase8.jdbc.KbStatement.execute(KbStatement.java:746)
	at com.kingbase8.jdbc.KbPreparedStatement.executeWithFlags(KbPreparedStatement.java:290)
	at com.kingbase8.jdbc.KbPreparedStatement.execute(KbPreparedStatement.java:269)
	at com.zaxxer.hikari.pool.ProxyPreparedStatement.execute(ProxyPreparedStatement.java:44)
	at com.zaxxer.hikari.pool.HikariProxyPreparedStatement.execute(HikariProxyPreparedStatement.java)
	at org.apache.ibatis.executor.statement.PreparedStatementHandler.query(PreparedStatementHandler.java:65)
	at org.apache.ibatis.executor.statement.RoutingStatementHandler.query(RoutingStatementHandler.java:80)
	at org.apache.ibatis.executor.SimpleExecutor.doQuery(SimpleExecutor.java:65)
	at org.apache.ibatis.executor.BaseExecutor.queryFromDatabase(BaseExecutor.java:336)
	at org.apache.ibatis.executor.BaseExecutor.query(BaseExecutor.java:158)
	at org.apache.ibatis.executor.CachingExecutor.query(CachingExecutor.java:110)
	at org.apache.ibatis.executor.CachingExecutor.query(CachingExecutor.java:90)
	at org.apache.ibatis.session.defaults.DefaultSqlSession.selectList(DefaultSqlSession.java:154)
	at org.apache.ibatis.session.defaults.DefaultSqlSession.selectList(DefaultSqlSession.java:147)
	at org.apache.ibatis.session.defaults.DefaultSqlSession.selectList(DefaultSqlSession.java:142)
	at sun.reflect.NativeMethodAccessorImpl.invoke0(Native Method)
	at sun.reflect.NativeMethodAccessorImpl.invoke(NativeMethodAccessorImpl.java:62)
	at sun.reflect.DelegatingMethodAccessorImpl.invoke(DelegatingMethodAccessorImpl.java:43)
	at java.lang.reflect.Method.invoke(Method.java:498)
	at org.mybatis.spring.SqlSessionTemplate$SqlSessionInterceptor.invoke(SqlSessionTemplate.java:425)
	... 9 common frames omitted
2025-04-03 02:42:02,509 INFO [xxl-job, admin JobScheduleHelper#scheduleThread] c.x.j.a.c.thread.JobScheduleHelper [JobScheduleHelper.java : 212] >>>>>>>>>>> xxl-job, JobScheduleHelper#scheduleThread stop
2025-04-03 02:42:03,001 INFO [xxl-job, admin JobScheduleHelper#ringThread] c.x.j.a.c.thread.JobScheduleHelper [JobScheduleHelper.java : 264] >>>>>>>>>>> xxl-job, JobScheduleHelper#ringThread stop
2025-04-03 02:42:03,510 INFO [SpringApplicationShutdownHook] c.x.j.a.c.thread.JobScheduleHelper [JobScheduleHelper.java : 364] >>>>>>>>>>> xxl-job, JobScheduleHelper stop
2025-04-03 02:42:03,510 INFO [xxl-job, admin JobLogReportHelper] c.x.j.a.c.thread.JobLogReportHelper [JobLogReportHelper.java : 139] >>>>>>>>>>> xxl-job, job log report thread stop
2025-04-03 02:42:03,511 INFO [xxl-job, admin JobLosedMonitorHelper] c.x.j.a.c.thread.JobCompleteHelper [JobCompleteHelper.java : 111] >>>>>>>>>>> xxl-job, JobLosedMonitorHelper stop
2025-04-03 02:42:03,512 INFO [xxl-job, admin JobFailMonitorHelper] c.x.j.a.c.t.JobFailMonitorHelper [JobFailMonitorHelper.java : 90] >>>>>>>>>>> xxl-job, job fail monitor thread stop
2025-04-03 02:42:03,512 INFO [xxl-job, admin JobRegistryMonitorHelper-registryMonitorThread] c.x.j.a.c.thread.JobRegistryHelper [JobRegistryHelper.java : 123] >>>>>>>>>>> xxl-job, job registry monitor thread stop
2025-04-03 02:42:03,512 INFO [SpringApplicationShutdownHook] c.x.j.a.c.t.JobTriggerPoolHelper [JobTriggerPoolHelper.java : 60] >>>>>>>>> xxl-job trigger thread pool shutdown success.
2025-04-03 02:42:03,514 INFO [SpringApplicationShutdownHook] com.zaxxer.hikari.HikariDataSource [HikariDataSource.java : 350] HikariCP - Shutdown initiated...
2025-04-03 02:42:03,542 INFO [SpringApplicationShutdownHook] com.zaxxer.hikari.HikariDataSource [HikariDataSource.java : 352] HikariCP - Shutdown completed.
2025-04-03 02:58:14,232 INFO [main] c.x.job.admin.XxlJobAdminApplication [StartupInfoLogger.java : 55] Starting XxlJobAdminApplication using Java 1.8.0_442 on ubuntu with PID 57779 (/home/zzy/xxljob/xxl-job-2.5.0(kingbase)/xxl-job-admin/target/classes started by zzy in /home/zzy/xxljob/xxl-job-2.5.0(kingbase))
2025-04-03 02:58:14,236 INFO [main] c.x.job.admin.XxlJobAdminApplication [SpringApplication.java : 632] No active profile set, falling back to 1 default profile: "default"
2025-04-03 02:58:15,725 INFO [main] o.s.b.w.e.tomcat.TomcatWebServer [TomcatWebServer.java : 108] Tomcat initialized with port(s): 8080 (http)
2025-04-03 02:58:15,753 INFO [main] o.a.coyote.http11.Http11NioProtocol [DirectJDKLog.java : 173] Initializing ProtocolHandler ["http-nio-8080"]
2025-04-03 02:58:15,754 INFO [main] o.a.catalina.core.StandardService [DirectJDKLog.java : 173] Starting service [Tomcat]
2025-04-03 02:58:15,755 INFO [main] o.a.catalina.core.StandardEngine [DirectJDKLog.java : 173] Starting Servlet engine: [Apache Tomcat/9.0.83]
2025-04-03 02:58:15,818 INFO [main] o.a.c.c.C.[.[.[/xxl-job-admin] [DirectJDKLog.java : 173] Initializing Spring embedded WebApplicationContext
2025-04-03 02:58:15,819 INFO [main] o.s.b.w.s.c.ServletWebServerApplicationContext [ServletWebServerApplicationContext.java : 292] Root WebApplicationContext: initialization completed in 1179 ms
2025-04-03 02:58:16,099 INFO [main] com.zaxxer.hikari.HikariDataSource [HikariDataSource.java : 110] HikariCP - Starting...
2025-04-03 02:58:16,205 INFO [main] com.zaxxer.hikari.HikariDataSource [HikariDataSource.java : 123] HikariCP - Start completed.
2025-04-03 02:58:16,425 INFO [main] c.x.j.a.c.scheduler.XxlJobScheduler [XxlJobScheduler.java : 45] >>>>>>>>> init xxl-job admin success.
2025-04-03 02:58:16,517 ERROR [xxl-job, admin JobRegistryMonitorHelper-registryMonitorThread] c.x.j.a.c.thread.JobRegistryHelper [JobRegistryHelper.java : 112] >>>>>>>>>>> xxl-job, job registry monitor thread error:{}
org.springframework.jdbc.BadSqlGrammarException: 
### Error querying database.  Cause: com.kingbase8.util.KSQLException: ERROR: function numtodsinterval(integer, unknown) does not exist
  Hint: No function matches the given name and argument types. You might need to add explicit type casts.
  Position: 102 At Line: 5, Line Position: 29
### The error may exist in file [/home/zzy/xxljob/xxl-job-2.5.0(kingbase)/xxl-job-admin/target/classes/mybatis-mapper/XxlJobRegistryMapper.xml]
### The error may involve com.xxl.job.admin.dao.XxlJobRegistryDao.findDead-Inline
### The error occurred while setting parameters
### SQL: SELECT t.id   FROM xxl_job_registry AS t   WHERE t.update_time   <           cast(? as timestamp) - numtodsinterval(?,'SECOND')
### Cause: com.kingbase8.util.KSQLException: ERROR: function numtodsinterval(integer, unknown) does not exist
  Hint: No function matches the given name and argument types. You might need to add explicit type casts.
  Position: 102 At Line: 5, Line Position: 29
; bad SQL grammar []; nested exception is com.kingbase8.util.KSQLException: ERROR: function numtodsinterval(integer, unknown) does not exist
  Hint: No function matches the given name and argument types. You might need to add explicit type casts.
  Position: 102 At Line: 5, Line Position: 29
	at org.springframework.jdbc.support.SQLStateSQLExceptionTranslator.doTranslate(SQLStateSQLExceptionTranslator.java:101)
	at org.springframework.jdbc.support.AbstractFallbackSQLExceptionTranslator.translate(AbstractFallbackSQLExceptionTranslator.java:73)
	at org.springframework.jdbc.support.AbstractFallbackSQLExceptionTranslator.translate(AbstractFallbackSQLExceptionTranslator.java:82)
	at org.springframework.jdbc.support.AbstractFallbackSQLExceptionTranslator.translate(AbstractFallbackSQLExceptionTranslator.java:82)
	at org.mybatis.spring.MyBatisExceptionTranslator.translateExceptionIfPossible(MyBatisExceptionTranslator.java:92)
	at org.mybatis.spring.SqlSessionTemplate$SqlSessionInterceptor.invoke(SqlSessionTemplate.java:439)
	at com.sun.proxy.$Proxy78.selectList(Unknown Source)
	at org.mybatis.spring.SqlSessionTemplate.selectList(SqlSessionTemplate.java:224)
	at org.apache.ibatis.binding.MapperMethod.executeForMany(MapperMethod.java:147)
	at org.apache.ibatis.binding.MapperMethod.execute(MapperMethod.java:80)
	at org.apache.ibatis.binding.MapperProxy$PlainMethodInvoker.invoke(MapperProxy.java:141)
	at org.apache.ibatis.binding.MapperProxy.invoke(MapperProxy.java:86)
	at com.sun.proxy.$Proxy85.findDead(Unknown Source)
	at com.xxl.job.admin.core.thread.JobRegistryHelper$3.run(JobRegistryHelper.java:66)
	at java.lang.Thread.run(Thread.java:750)
Caused by: com.kingbase8.util.KSQLException: ERROR: function numtodsinterval(integer, unknown) does not exist
  Hint: No function matches the given name and argument types. You might need to add explicit type casts.
  Position: 102 At Line: 5, Line Position: 29
	at com.kingbase8.core.v3.QueryExecutorImpl.receiveErrorResponse(QueryExecutorImpl.java:3719)
	at com.kingbase8.core.v3.QueryExecutorImpl.processResults(QueryExecutorImpl.java:3144)
	at com.kingbase8.core.v3.QueryExecutorImpl.execute(QueryExecutorImpl.java:412)
	at com.kingbase8.jdbc.KbStatement.executeInternal_(KbStatement.java:859)
	at com.kingbase8.jdbc.KbStatement.execute(KbStatement.java:746)
	at com.kingbase8.jdbc.KbPreparedStatement.executeWithFlags(KbPreparedStatement.java:290)
	at com.kingbase8.jdbc.KbPreparedStatement.execute(KbPreparedStatement.java:269)
	at com.zaxxer.hikari.pool.ProxyPreparedStatement.execute(ProxyPreparedStatement.java:44)
	at com.zaxxer.hikari.pool.HikariProxyPreparedStatement.execute(HikariProxyPreparedStatement.java)
	at org.apache.ibatis.executor.statement.PreparedStatementHandler.query(PreparedStatementHandler.java:65)
	at org.apache.ibatis.executor.statement.RoutingStatementHandler.query(RoutingStatementHandler.java:80)
	at org.apache.ibatis.executor.SimpleExecutor.doQuery(SimpleExecutor.java:65)
	at org.apache.ibatis.executor.BaseExecutor.queryFromDatabase(BaseExecutor.java:336)
	at org.apache.ibatis.executor.BaseExecutor.query(BaseExecutor.java:158)
	at org.apache.ibatis.executor.CachingExecutor.query(CachingExecutor.java:110)
	at org.apache.ibatis.executor.CachingExecutor.query(CachingExecutor.java:90)
	at org.apache.ibatis.session.defaults.DefaultSqlSession.selectList(DefaultSqlSession.java:154)
	at org.apache.ibatis.session.defaults.DefaultSqlSession.selectList(DefaultSqlSession.java:147)
	at org.apache.ibatis.session.defaults.DefaultSqlSession.selectList(DefaultSqlSession.java:142)
	at sun.reflect.NativeMethodAccessorImpl.invoke0(Native Method)
	at sun.reflect.NativeMethodAccessorImpl.invoke(NativeMethodAccessorImpl.java:62)
	at sun.reflect.DelegatingMethodAccessorImpl.invoke(DelegatingMethodAccessorImpl.java:43)
	at java.lang.reflect.Method.invoke(Method.java:498)
	at org.mybatis.spring.SqlSessionTemplate$SqlSessionInterceptor.invoke(SqlSessionTemplate.java:425)
	... 9 common frames omitted
2025-04-03 02:58:16,606 INFO [main] o.s.b.a.w.s.WelcomePageHandlerMapping [WelcomePageHandlerMapping.java : 60] Adding welcome page template: index
2025-04-03 02:58:17,110 INFO [main] o.s.b.a.e.web.EndpointLinksResolver [EndpointLinksResolver.java : 58] Exposing 1 endpoint(s) beneath base path '/actuator'
2025-04-03 02:58:17,137 INFO [main] o.a.coyote.http11.Http11NioProtocol [DirectJDKLog.java : 173] Starting ProtocolHandler ["http-nio-8080"]
2025-04-03 02:58:17,150 INFO [main] o.a.c.c.C.[.[.[/xxl-job-admin] [DirectJDKLog.java : 173] Initializing Spring DispatcherServlet 'dispatcherServlet'
2025-04-03 02:58:17,150 INFO [main] o.s.web.servlet.DispatcherServlet [FrameworkServlet.java : 525] Initializing Servlet 'dispatcherServlet'
2025-04-03 02:58:17,151 INFO [main] o.s.web.servlet.DispatcherServlet [FrameworkServlet.java : 547] Completed initialization in 1 ms
2025-04-03 02:58:17,152 INFO [main] o.s.b.w.e.tomcat.TomcatWebServer [TomcatWebServer.java : 220] Tomcat started on port(s): 8080 (http) with context path '/xxl-job-admin'
2025-04-03 02:58:17,166 INFO [main] c.x.job.admin.XxlJobAdminApplication [StartupInfoLogger.java : 61] Started XxlJobAdminApplication in 3.445 seconds (JVM running for 4.265)
2025-04-03 02:58:21,001 INFO [xxl-job, admin JobScheduleHelper#scheduleThread] c.x.j.a.c.thread.JobScheduleHelper [JobScheduleHelper.java : 52] >>>>>>>>> init xxl-job admin scheduler success.
2025-04-03 02:58:38,105 INFO [xxl-job, admin JobScheduleHelper#scheduleThread] c.x.j.a.c.thread.JobScheduleHelper [JobScheduleHelper.java : 212] >>>>>>>>>>> xxl-job, JobScheduleHelper#scheduleThread stop
2025-04-03 02:58:39,000 INFO [xxl-job, admin JobScheduleHelper#ringThread] c.x.j.a.c.thread.JobScheduleHelper [JobScheduleHelper.java : 264] >>>>>>>>>>> xxl-job, JobScheduleHelper#ringThread stop
2025-04-03 02:58:39,106 INFO [SpringApplicationShutdownHook] c.x.j.a.c.thread.JobScheduleHelper [JobScheduleHelper.java : 364] >>>>>>>>>>> xxl-job, JobScheduleHelper stop
2025-04-03 02:58:39,106 INFO [xxl-job, admin JobLogReportHelper] c.x.j.a.c.thread.JobLogReportHelper [JobLogReportHelper.java : 139] >>>>>>>>>>> xxl-job, job log report thread stop
2025-04-03 02:58:39,107 INFO [xxl-job, admin JobLosedMonitorHelper] c.x.j.a.c.thread.JobCompleteHelper [JobCompleteHelper.java : 111] >>>>>>>>>>> xxl-job, JobLosedMonitorHelper stop
2025-04-03 02:58:39,107 INFO [xxl-job, admin JobFailMonitorHelper] c.x.j.a.c.t.JobFailMonitorHelper [JobFailMonitorHelper.java : 90] >>>>>>>>>>> xxl-job, job fail monitor thread stop
2025-04-03 02:58:39,108 INFO [xxl-job, admin JobRegistryMonitorHelper-registryMonitorThread] c.x.j.a.c.thread.JobRegistryHelper [JobRegistryHelper.java : 123] >>>>>>>>>>> xxl-job, job registry monitor thread stop
2025-04-03 02:58:39,108 INFO [SpringApplicationShutdownHook] c.x.j.a.c.t.JobTriggerPoolHelper [JobTriggerPoolHelper.java : 60] >>>>>>>>> xxl-job trigger thread pool shutdown success.
2025-04-03 02:58:39,109 INFO [SpringApplicationShutdownHook] com.zaxxer.hikari.HikariDataSource [HikariDataSource.java : 350] HikariCP - Shutdown initiated...
2025-04-03 02:58:39,112 INFO [SpringApplicationShutdownHook] com.zaxxer.hikari.HikariDataSource [HikariDataSource.java : 352] HikariCP - Shutdown completed.
2025-04-03 02:59:18,732 INFO [main] c.x.job.admin.XxlJobAdminApplication [StartupInfoLogger.java : 55] Starting XxlJobAdminApplication using Java 1.8.0_442 on ubuntu with PID 58125 (/home/zzy/xxljob/xxl-job-2.5.0(kingbase)/xxl-job-admin/target/classes started by zzy in /home/zzy/xxljob/xxl-job-2.5.0(kingbase))
2025-04-03 02:59:18,736 INFO [main] c.x.job.admin.XxlJobAdminApplication [SpringApplication.java : 632] No active profile set, falling back to 1 default profile: "default"
2025-04-03 02:59:20,069 INFO [main] o.s.b.w.e.tomcat.TomcatWebServer [TomcatWebServer.java : 108] Tomcat initialized with port(s): 8080 (http)
2025-04-03 02:59:20,075 INFO [main] o.a.coyote.http11.Http11NioProtocol [DirectJDKLog.java : 173] Initializing ProtocolHandler ["http-nio-8080"]
2025-04-03 02:59:20,076 INFO [main] o.a.catalina.core.StandardService [DirectJDKLog.java : 173] Starting service [Tomcat]
2025-04-03 02:59:20,077 INFO [main] o.a.catalina.core.StandardEngine [DirectJDKLog.java : 173] Starting Servlet engine: [Apache Tomcat/9.0.83]
2025-04-03 02:59:20,131 INFO [main] o.a.c.c.C.[.[.[/xxl-job-admin] [DirectJDKLog.java : 173] Initializing Spring embedded WebApplicationContext
2025-04-03 02:59:20,131 INFO [main] o.s.b.w.s.c.ServletWebServerApplicationContext [ServletWebServerApplicationContext.java : 292] Root WebApplicationContext: initialization completed in 1048 ms
2025-04-03 02:59:20,515 INFO [main] com.zaxxer.hikari.HikariDataSource [HikariDataSource.java : 110] HikariCP - Starting...
2025-04-03 02:59:20,627 INFO [main] com.zaxxer.hikari.HikariDataSource [HikariDataSource.java : 123] HikariCP - Start completed.
2025-04-03 02:59:20,866 INFO [main] c.x.j.a.c.scheduler.XxlJobScheduler [XxlJobScheduler.java : 45] >>>>>>>>> init xxl-job admin success.
2025-04-03 02:59:21,039 INFO [main] o.s.b.a.w.s.WelcomePageHandlerMapping [WelcomePageHandlerMapping.java : 60] Adding welcome page template: index
2025-04-03 02:59:21,440 INFO [main] o.s.b.a.e.web.EndpointLinksResolver [EndpointLinksResolver.java : 58] Exposing 1 endpoint(s) beneath base path '/actuator'
2025-04-03 02:59:21,467 INFO [main] o.a.coyote.http11.Http11NioProtocol [DirectJDKLog.java : 173] Starting ProtocolHandler ["http-nio-8080"]
2025-04-03 02:59:21,484 INFO [main] o.a.c.c.C.[.[.[/xxl-job-admin] [DirectJDKLog.java : 173] Initializing Spring DispatcherServlet 'dispatcherServlet'
2025-04-03 02:59:21,484 INFO [main] o.s.web.servlet.DispatcherServlet [FrameworkServlet.java : 525] Initializing Servlet 'dispatcherServlet'
2025-04-03 02:59:21,486 INFO [main] o.s.web.servlet.DispatcherServlet [FrameworkServlet.java : 547] Completed initialization in 1 ms
2025-04-03 02:59:21,488 INFO [main] o.s.b.w.e.tomcat.TomcatWebServer [TomcatWebServer.java : 220] Tomcat started on port(s): 8080 (http) with context path '/xxl-job-admin'
2025-04-03 02:59:21,503 INFO [main] c.x.job.admin.XxlJobAdminApplication [StartupInfoLogger.java : 61] Started XxlJobAdminApplication in 3.219 seconds (JVM running for 3.964)
2025-04-03 02:59:25,001 INFO [xxl-job, admin JobScheduleHelper#scheduleThread] c.x.j.a.c.thread.JobScheduleHelper [JobScheduleHelper.java : 52] >>>>>>>>> init xxl-job admin scheduler success.
2025-04-03 03:28:55,803 INFO [xxl-job, admin JobScheduleHelper#scheduleThread] c.x.j.a.c.thread.JobScheduleHelper [JobScheduleHelper.java : 212] >>>>>>>>>>> xxl-job, JobScheduleHelper#scheduleThread stop
2025-04-03 03:28:56,001 INFO [xxl-job, admin JobScheduleHelper#ringThread] c.x.j.a.c.thread.JobScheduleHelper [JobScheduleHelper.java : 264] >>>>>>>>>>> xxl-job, JobScheduleHelper#ringThread stop
2025-04-03 03:28:56,804 INFO [SpringApplicationShutdownHook] c.x.j.a.c.thread.JobScheduleHelper [JobScheduleHelper.java : 364] >>>>>>>>>>> xxl-job, JobScheduleHelper stop
2025-04-03 03:28:56,805 INFO [xxl-job, admin JobLogReportHelper] c.x.j.a.c.thread.JobLogReportHelper [JobLogReportHelper.java : 139] >>>>>>>>>>> xxl-job, job log report thread stop
2025-04-03 03:28:56,806 INFO [xxl-job, admin JobLosedMonitorHelper] c.x.j.a.c.thread.JobCompleteHelper [JobCompleteHelper.java : 111] >>>>>>>>>>> xxl-job, JobLosedMonitorHelper stop
2025-04-03 03:28:56,807 INFO [xxl-job, admin JobFailMonitorHelper] c.x.j.a.c.t.JobFailMonitorHelper [JobFailMonitorHelper.java : 90] >>>>>>>>>>> xxl-job, job fail monitor thread stop
2025-04-03 03:28:56,807 INFO [xxl-job, admin JobRegistryMonitorHelper-registryMonitorThread] c.x.j.a.c.thread.JobRegistryHelper [JobRegistryHelper.java : 123] >>>>>>>>>>> xxl-job, job registry monitor thread stop
2025-04-03 03:28:56,810 INFO [SpringApplicationShutdownHook] c.x.j.a.c.t.JobTriggerPoolHelper [JobTriggerPoolHelper.java : 60] >>>>>>>>> xxl-job trigger thread pool shutdown success.
2025-04-03 03:28:56,812 INFO [SpringApplicationShutdownHook] com.zaxxer.hikari.HikariDataSource [HikariDataSource.java : 350] HikariCP - Shutdown initiated...
2025-04-03 03:28:56,821 INFO [SpringApplicationShutdownHook] com.zaxxer.hikari.HikariDataSource [HikariDataSource.java : 352] HikariCP - Shutdown completed.
2025-04-03 03:29:02,223 INFO [main] c.x.job.admin.XxlJobAdminApplication [StartupInfoLogger.java : 55] Starting XxlJobAdminApplication using Java 1.8.0_442 on ubuntu with PID 59276 (/home/zzy/xxljob/xxl-job-2.5.0(kingbase)/xxl-job-admin/target/classes started by zzy in /home/zzy/xxljob/xxl-job-2.5.0(kingbase))
2025-04-03 03:29:02,227 INFO [main] c.x.job.admin.XxlJobAdminApplication [SpringApplication.java : 632] No active profile set, falling back to 1 default profile: "default"
2025-04-03 03:29:03,557 INFO [main] o.s.b.w.e.tomcat.TomcatWebServer [TomcatWebServer.java : 108] Tomcat initialized with port(s): 8080 (http)
2025-04-03 03:29:03,564 INFO [main] o.a.coyote.http11.Http11NioProtocol [DirectJDKLog.java : 173] Initializing ProtocolHandler ["http-nio-8080"]
2025-04-03 03:29:03,566 INFO [main] o.a.catalina.core.StandardService [DirectJDKLog.java : 173] Starting service [Tomcat]
2025-04-03 03:29:03,566 INFO [main] o.a.catalina.core.StandardEngine [DirectJDKLog.java : 173] Starting Servlet engine: [Apache Tomcat/9.0.83]
2025-04-03 03:29:03,633 INFO [main] o.a.c.c.C.[.[.[/xxl-job-admin] [DirectJDKLog.java : 173] Initializing Spring embedded WebApplicationContext
2025-04-03 03:29:03,633 INFO [main] o.s.b.w.s.c.ServletWebServerApplicationContext [ServletWebServerApplicationContext.java : 292] Root WebApplicationContext: initialization completed in 1145 ms
2025-04-03 03:29:04,249 INFO [main] com.zaxxer.hikari.HikariDataSource [HikariDataSource.java : 110] HikariCP - Starting...
2025-04-03 03:29:04,510 INFO [main] com.zaxxer.hikari.HikariDataSource [HikariDataSource.java : 123] HikariCP - Start completed.
2025-04-03 03:29:04,710 INFO [main] c.x.j.a.c.scheduler.XxlJobScheduler [XxlJobScheduler.java : 45] >>>>>>>>> init xxl-job admin success.
2025-04-03 03:29:04,869 INFO [main] o.s.b.a.w.s.WelcomePageHandlerMapping [WelcomePageHandlerMapping.java : 60] Adding welcome page template: index
2025-04-03 03:29:05,293 INFO [main] o.s.b.a.e.web.EndpointLinksResolver [EndpointLinksResolver.java : 58] Exposing 1 endpoint(s) beneath base path '/actuator'
2025-04-03 03:29:05,322 INFO [main] o.a.coyote.http11.Http11NioProtocol [DirectJDKLog.java : 173] Starting ProtocolHandler ["http-nio-8080"]
2025-04-03 03:29:05,334 INFO [main] o.a.c.c.C.[.[.[/xxl-job-admin] [DirectJDKLog.java : 173] Initializing Spring DispatcherServlet 'dispatcherServlet'
2025-04-03 03:29:05,335 INFO [main] o.s.web.servlet.DispatcherServlet [FrameworkServlet.java : 525] Initializing Servlet 'dispatcherServlet'
2025-04-03 03:29:05,336 INFO [main] o.s.web.servlet.DispatcherServlet [FrameworkServlet.java : 547] Completed initialization in 1 ms
2025-04-03 03:29:05,338 INFO [main] o.s.b.w.e.tomcat.TomcatWebServer [TomcatWebServer.java : 220] Tomcat started on port(s): 8080 (http) with context path '/xxl-job-admin'
2025-04-03 03:29:05,352 INFO [main] c.x.job.admin.XxlJobAdminApplication [StartupInfoLogger.java : 61] Started XxlJobAdminApplication in 3.595 seconds (JVM running for 4.406)
2025-04-03 03:29:09,001 INFO [xxl-job, admin JobScheduleHelper#scheduleThread] c.x.j.a.c.thread.JobScheduleHelper [JobScheduleHelper.java : 52] >>>>>>>>> init xxl-job admin scheduler success.
2025-04-03 03:33:27,483 INFO [xxl-job, admin JobScheduleHelper#scheduleThread] c.x.j.a.c.thread.JobScheduleHelper [JobScheduleHelper.java : 212] >>>>>>>>>>> xxl-job, JobScheduleHelper#scheduleThread stop
2025-04-03 03:33:28,000 INFO [xxl-job, admin JobScheduleHelper#ringThread] c.x.j.a.c.thread.JobScheduleHelper [JobScheduleHelper.java : 264] >>>>>>>>>>> xxl-job, JobScheduleHelper#ringThread stop
2025-04-03 03:33:28,484 INFO [SpringApplicationShutdownHook] c.x.j.a.c.thread.JobScheduleHelper [JobScheduleHelper.java : 364] >>>>>>>>>>> xxl-job, JobScheduleHelper stop
2025-04-03 03:33:28,485 INFO [xxl-job, admin JobLogReportHelper] c.x.j.a.c.thread.JobLogReportHelper [JobLogReportHelper.java : 139] >>>>>>>>>>> xxl-job, job log report thread stop
2025-04-03 03:33:28,485 INFO [xxl-job, admin JobLosedMonitorHelper] c.x.j.a.c.thread.JobCompleteHelper [JobCompleteHelper.java : 111] >>>>>>>>>>> xxl-job, JobLosedMonitorHelper stop
2025-04-03 03:33:28,486 INFO [xxl-job, admin JobFailMonitorHelper] c.x.j.a.c.t.JobFailMonitorHelper [JobFailMonitorHelper.java : 90] >>>>>>>>>>> xxl-job, job fail monitor thread stop
2025-04-03 03:33:28,487 INFO [xxl-job, admin JobRegistryMonitorHelper-registryMonitorThread] c.x.j.a.c.thread.JobRegistryHelper [JobRegistryHelper.java : 123] >>>>>>>>>>> xxl-job, job registry monitor thread stop
2025-04-03 03:33:28,489 INFO [SpringApplicationShutdownHook] c.x.j.a.c.t.JobTriggerPoolHelper [JobTriggerPoolHelper.java : 60] >>>>>>>>> xxl-job trigger thread pool shutdown success.
2025-04-03 03:33:28,491 INFO [SpringApplicationShutdownHook] com.zaxxer.hikari.HikariDataSource [HikariDataSource.java : 350] HikariCP - Shutdown initiated...
2025-04-03 03:33:28,496 INFO [SpringApplicationShutdownHook] com.zaxxer.hikari.HikariDataSource [HikariDataSource.java : 352] HikariCP - Shutdown completed.
2025-04-03 04:10:59,038 INFO [main] c.x.job.admin.XxlJobAdminApplication [StartupInfoLogger.java : 55] Starting XxlJobAdminApplication using Java 1.8.0_442 on ubuntu with PID 72446 (/home/zzy/xxljob/xxl-job-2.5.0(kingbase)/xxl-job-admin/target/classes started by zzy in /home/zzy/xxljob/xxl-job-2.5.0(kingbase))
2025-04-03 04:10:59,043 INFO [main] c.x.job.admin.XxlJobAdminApplication [SpringApplication.java : 632] No active profile set, falling back to 1 default profile: "default"
2025-04-03 04:11:01,212 INFO [main] o.s.b.w.e.tomcat.TomcatWebServer [TomcatWebServer.java : 108] Tomcat initialized with port(s): 8080 (http)
2025-04-03 04:11:01,221 INFO [main] o.a.coyote.http11.Http11NioProtocol [DirectJDKLog.java : 173] Initializing ProtocolHandler ["http-nio-8080"]
2025-04-03 04:11:01,224 INFO [main] o.a.catalina.core.StandardService [DirectJDKLog.java : 173] Starting service [Tomcat]
2025-04-03 04:11:01,224 INFO [main] o.a.catalina.core.StandardEngine [DirectJDKLog.java : 173] Starting Servlet engine: [Apache Tomcat/9.0.83]
2025-04-03 04:11:01,340 INFO [main] o.a.c.c.C.[.[.[/xxl-job-admin] [DirectJDKLog.java : 173] Initializing Spring embedded WebApplicationContext
2025-04-03 04:11:01,341 INFO [main] o.s.b.w.s.c.ServletWebServerApplicationContext [ServletWebServerApplicationContext.java : 292] Root WebApplicationContext: initialization completed in 2039 ms
2025-04-03 04:11:01,839 INFO [main] com.zaxxer.hikari.HikariDataSource [HikariDataSource.java : 110] HikariCP - Starting...
2025-04-03 04:11:02,023 INFO [main] com.zaxxer.hikari.HikariDataSource [HikariDataSource.java : 123] HikariCP - Start completed.
2025-04-03 04:11:02,454 INFO [main] c.x.j.a.c.scheduler.XxlJobScheduler [XxlJobScheduler.java : 45] >>>>>>>>> init xxl-job admin success.
2025-04-03 04:11:02,658 INFO [main] o.s.b.a.w.s.WelcomePageHandlerMapping [WelcomePageHandlerMapping.java : 60] Adding welcome page template: index
2025-04-03 04:11:03,139 INFO [main] o.s.b.a.e.web.EndpointLinksResolver [EndpointLinksResolver.java : 58] Exposing 1 endpoint(s) beneath base path '/actuator'
2025-04-03 04:11:03,167 INFO [main] o.a.coyote.http11.Http11NioProtocol [DirectJDKLog.java : 173] Starting ProtocolHandler ["http-nio-8080"]
2025-04-03 04:11:03,195 INFO [main] o.a.c.c.C.[.[.[/xxl-job-admin] [DirectJDKLog.java : 173] Initializing Spring DispatcherServlet 'dispatcherServlet'
2025-04-03 04:11:03,195 INFO [main] o.s.web.servlet.DispatcherServlet [FrameworkServlet.java : 525] Initializing Servlet 'dispatcherServlet'
2025-04-03 04:11:03,197 INFO [main] o.s.web.servlet.DispatcherServlet [FrameworkServlet.java : 547] Completed initialization in 2 ms
2025-04-03 04:11:03,198 INFO [main] o.s.b.w.e.tomcat.TomcatWebServer [TomcatWebServer.java : 220] Tomcat started on port(s): 8080 (http) with context path '/xxl-job-admin'
2025-04-03 04:11:03,212 INFO [main] c.x.job.admin.XxlJobAdminApplication [StartupInfoLogger.java : 61] Started XxlJobAdminApplication in 4.552 seconds (JVM running for 6.269)
2025-04-03 04:11:07,000 INFO [xxl-job, admin JobScheduleHelper#scheduleThread] c.x.j.a.c.thread.JobScheduleHelper [JobScheduleHelper.java : 52] >>>>>>>>> init xxl-job admin scheduler success.
2025-04-03 04:19:55,333 INFO [xxl-job, admin JobScheduleHelper#scheduleThread] c.x.j.a.c.thread.JobScheduleHelper [JobScheduleHelper.java : 212] >>>>>>>>>>> xxl-job, JobScheduleHelper#scheduleThread stop
2025-04-03 04:19:56,001 INFO [xxl-job, admin JobScheduleHelper#ringThread] c.x.j.a.c.thread.JobScheduleHelper [JobScheduleHelper.java : 264] >>>>>>>>>>> xxl-job, JobScheduleHelper#ringThread stop
2025-04-03 04:19:56,335 INFO [SpringApplicationShutdownHook] c.x.j.a.c.thread.JobScheduleHelper [JobScheduleHelper.java : 364] >>>>>>>>>>> xxl-job, JobScheduleHelper stop
2025-04-03 04:19:56,335 INFO [xxl-job, admin JobLogReportHelper] c.x.j.a.c.thread.JobLogReportHelper [JobLogReportHelper.java : 139] >>>>>>>>>>> xxl-job, job log report thread stop
2025-04-03 04:19:56,336 INFO [xxl-job, admin JobLosedMonitorHelper] c.x.j.a.c.thread.JobCompleteHelper [JobCompleteHelper.java : 111] >>>>>>>>>>> xxl-job, JobLosedMonitorHelper stop
2025-04-03 04:19:56,336 INFO [xxl-job, admin JobFailMonitorHelper] c.x.j.a.c.t.JobFailMonitorHelper [JobFailMonitorHelper.java : 90] >>>>>>>>>>> xxl-job, job fail monitor thread stop
2025-04-03 04:19:56,337 INFO [xxl-job, admin JobRegistryMonitorHelper-registryMonitorThread] c.x.j.a.c.thread.JobRegistryHelper [JobRegistryHelper.java : 123] >>>>>>>>>>> xxl-job, job registry monitor thread stop
2025-04-03 04:19:56,337 INFO [SpringApplicationShutdownHook] c.x.j.a.c.t.JobTriggerPoolHelper [JobTriggerPoolHelper.java : 60] >>>>>>>>> xxl-job trigger thread pool shutdown success.
2025-04-03 04:19:56,341 INFO [SpringApplicationShutdownHook] com.zaxxer.hikari.HikariDataSource [HikariDataSource.java : 350] HikariCP - Shutdown initiated...
2025-04-03 04:19:56,352 INFO [SpringApplicationShutdownHook] com.zaxxer.hikari.HikariDataSource [HikariDataSource.java : 352] HikariCP - Shutdown completed.
2025-04-03 04:20:29,899 INFO [main] c.x.job.admin.XxlJobAdminApplication [StartupInfoLogger.java : 55] Starting XxlJobAdminApplication using Java 1.8.0_442 on ubuntu with PID 72936 (/home/zzy/xxljob/xxl-job-2.5.0(kingbase)/xxl-job-admin/target/classes started by zzy in /home/zzy/xxljob/xxl-job-2.5.0(kingbase))
2025-04-03 04:20:29,903 INFO [main] c.x.job.admin.XxlJobAdminApplication [SpringApplication.java : 632] No active profile set, falling back to 1 default profile: "default"
2025-04-03 04:20:31,456 INFO [main] o.s.b.w.e.tomcat.TomcatWebServer [TomcatWebServer.java : 108] Tomcat initialized with port(s): 8080 (http)
2025-04-03 04:20:31,467 INFO [main] o.a.coyote.http11.Http11NioProtocol [DirectJDKLog.java : 173] Initializing ProtocolHandler ["http-nio-8080"]
2025-04-03 04:20:31,468 INFO [main] o.a.catalina.core.StandardService [DirectJDKLog.java : 173] Starting service [Tomcat]
2025-04-03 04:20:31,469 INFO [main] o.a.catalina.core.StandardEngine [DirectJDKLog.java : 173] Starting Servlet engine: [Apache Tomcat/9.0.83]
2025-04-03 04:20:31,524 INFO [main] o.a.c.c.C.[.[.[/xxl-job-admin] [DirectJDKLog.java : 173] Initializing Spring embedded WebApplicationContext
2025-04-03 04:20:31,524 INFO [main] o.s.b.w.s.c.ServletWebServerApplicationContext [ServletWebServerApplicationContext.java : 292] Root WebApplicationContext: initialization completed in 1312 ms
2025-04-03 04:20:31,825 INFO [main] com.zaxxer.hikari.HikariDataSource [HikariDataSource.java : 110] HikariCP - Starting...
2025-04-03 04:20:31,972 INFO [main] com.zaxxer.hikari.HikariDataSource [HikariDataSource.java : 123] HikariCP - Start completed.
2025-04-03 04:20:32,209 INFO [main] c.x.j.a.c.scheduler.XxlJobScheduler [XxlJobScheduler.java : 45] >>>>>>>>> init xxl-job admin success.
2025-04-03 04:20:32,394 INFO [main] o.s.b.a.w.s.WelcomePageHandlerMapping [WelcomePageHandlerMapping.java : 60] Adding welcome page template: index
2025-04-03 04:20:32,855 INFO [main] o.s.b.a.e.web.EndpointLinksResolver [EndpointLinksResolver.java : 58] Exposing 1 endpoint(s) beneath base path '/actuator'
2025-04-03 04:20:32,883 INFO [main] o.a.coyote.http11.Http11NioProtocol [DirectJDKLog.java : 173] Starting ProtocolHandler ["http-nio-8080"]
2025-04-03 04:20:32,898 INFO [main] o.a.c.c.C.[.[.[/xxl-job-admin] [DirectJDKLog.java : 173] Initializing Spring DispatcherServlet 'dispatcherServlet'
2025-04-03 04:20:32,898 INFO [main] o.s.web.servlet.DispatcherServlet [FrameworkServlet.java : 525] Initializing Servlet 'dispatcherServlet'
2025-04-03 04:20:32,900 INFO [main] o.s.web.servlet.DispatcherServlet [FrameworkServlet.java : 547] Completed initialization in 2 ms
2025-04-03 04:20:32,901 INFO [main] o.s.b.w.e.tomcat.TomcatWebServer [TomcatWebServer.java : 220] Tomcat started on port(s): 8080 (http) with context path '/xxl-job-admin'
2025-04-03 04:20:32,915 INFO [main] c.x.job.admin.XxlJobAdminApplication [StartupInfoLogger.java : 61] Started XxlJobAdminApplication in 3.442 seconds (JVM running for 4.273)
2025-04-03 04:20:37,000 INFO [xxl-job, admin JobScheduleHelper#scheduleThread] c.x.j.a.c.thread.JobScheduleHelper [JobScheduleHelper.java : 52] >>>>>>>>> init xxl-job admin scheduler success.
2025-04-03 04:22:04,340 ERROR [http-nio-8080-exec-6] c.x.j.a.c.r.WebExceptionResolver [WebExceptionResolver.java : 32] WebExceptionResolver:{}
org.apache.catalina.connector.ClientAbortException: java.io.IOException: 断开的管道
	at org.apache.catalina.connector.OutputBuffer.realWriteBytes(OutputBuffer.java:348)
	at org.apache.catalina.connector.OutputBuffer.flushByteBuffer(OutputBuffer.java:777)
	at org.apache.catalina.connector.OutputBuffer.append(OutputBuffer.java:680)
	at org.apache.catalina.connector.OutputBuffer.writeBytes(OutputBuffer.java:383)
	at org.apache.catalina.connector.OutputBuffer.write(OutputBuffer.java:361)
	at org.apache.catalina.connector.CoyoteOutputStream.write(CoyoteOutputStream.java:97)
	at org.springframework.util.StreamUtils.copy(StreamUtils.java:167)
	at org.springframework.http.converter.ResourceHttpMessageConverter.writeContent(ResourceHttpMessageConverter.java:139)
	at org.springframework.http.converter.ResourceHttpMessageConverter.writeInternal(ResourceHttpMessageConverter.java:129)
	at org.springframework.http.converter.ResourceHttpMessageConverter.writeInternal(ResourceHttpMessageConverter.java:45)
	at org.springframework.http.converter.AbstractHttpMessageConverter.write(AbstractHttpMessageConverter.java:227)
	at org.springframework.web.servlet.resource.ResourceHttpRequestHandler.handleRequest(ResourceHttpRequestHandler.java:590)
	at org.springframework.web.servlet.mvc.HttpRequestHandlerAdapter.handle(HttpRequestHandlerAdapter.java:52)
	at org.springframework.web.servlet.DispatcherServlet.doDispatch(DispatcherServlet.java:1072)
	at org.springframework.web.servlet.DispatcherServlet.doService(DispatcherServlet.java:965)
	at org.springframework.web.servlet.FrameworkServlet.processRequest(FrameworkServlet.java:1006)
	at org.springframework.web.servlet.FrameworkServlet.doGet(FrameworkServlet.java:898)
	at javax.servlet.http.HttpServlet.service(HttpServlet.java:529)
	at org.springframework.web.servlet.FrameworkServlet.service(FrameworkServlet.java:883)
	at javax.servlet.http.HttpServlet.service(HttpServlet.java:623)
	at org.apache.catalina.core.ApplicationFilterChain.internalDoFilter(ApplicationFilterChain.java:209)
	at org.apache.catalina.core.ApplicationFilterChain.doFilter(ApplicationFilterChain.java:153)
	at org.apache.tomcat.websocket.server.WsFilter.doFilter(WsFilter.java:51)
	at org.apache.catalina.core.ApplicationFilterChain.internalDoFilter(ApplicationFilterChain.java:178)
	at org.apache.catalina.core.ApplicationFilterChain.doFilter(ApplicationFilterChain.java:153)
	at org.springframework.web.filter.RequestContextFilter.doFilterInternal(RequestContextFilter.java:100)
	at org.springframework.web.filter.OncePerRequestFilter.doFilter(OncePerRequestFilter.java:117)
	at org.apache.catalina.core.ApplicationFilterChain.internalDoFilter(ApplicationFilterChain.java:178)
	at org.apache.catalina.core.ApplicationFilterChain.doFilter(ApplicationFilterChain.java:153)
	at org.springframework.web.filter.FormContentFilter.doFilterInternal(FormContentFilter.java:93)
	at org.springframework.web.filter.OncePerRequestFilter.doFilter(OncePerRequestFilter.java:117)
	at org.apache.catalina.core.ApplicationFilterChain.internalDoFilter(ApplicationFilterChain.java:178)
	at org.apache.catalina.core.ApplicationFilterChain.doFilter(ApplicationFilterChain.java:153)
	at org.springframework.boot.actuate.metrics.web.servlet.WebMvcMetricsFilter.doFilterInternal(WebMvcMetricsFilter.java:96)
	at org.springframework.web.filter.OncePerRequestFilter.doFilter(OncePerRequestFilter.java:117)
	at org.apache.catalina.core.ApplicationFilterChain.internalDoFilter(ApplicationFilterChain.java:178)
	at org.apache.catalina.core.ApplicationFilterChain.doFilter(ApplicationFilterChain.java:153)
	at org.springframework.web.filter.CharacterEncodingFilter.doFilterInternal(CharacterEncodingFilter.java:201)
	at org.springframework.web.filter.OncePerRequestFilter.doFilter(OncePerRequestFilter.java:117)
	at org.apache.catalina.core.ApplicationFilterChain.internalDoFilter(ApplicationFilterChain.java:178)
	at org.apache.catalina.core.ApplicationFilterChain.doFilter(ApplicationFilterChain.java:153)
	at org.apache.catalina.core.StandardWrapperValve.invoke(StandardWrapperValve.java:168)
	at org.apache.catalina.core.StandardContextValve.invoke(StandardContextValve.java:90)
	at org.apache.catalina.authenticator.AuthenticatorBase.invoke(AuthenticatorBase.java:481)
	at org.apache.catalina.core.StandardHostValve.invoke(StandardHostValve.java:130)
	at org.apache.catalina.valves.ErrorReportValve.invoke(ErrorReportValve.java:93)
	at org.apache.catalina.core.StandardEngineValve.invoke(StandardEngineValve.java:74)
	at org.apache.catalina.connector.CoyoteAdapter.service(CoyoteAdapter.java:342)
	at org.apache.coyote.http11.Http11Processor.service(Http11Processor.java:390)
	at org.apache.coyote.AbstractProcessorLight.process(AbstractProcessorLight.java:63)
	at org.apache.coyote.AbstractProtocol$ConnectionHandler.process(AbstractProtocol.java:928)
	at org.apache.tomcat.util.net.NioEndpoint$SocketProcessor.doRun(NioEndpoint.java:1794)
	at org.apache.tomcat.util.net.SocketProcessorBase.run(SocketProcessorBase.java:52)
	at org.apache.tomcat.util.threads.ThreadPoolExecutor.runWorker(ThreadPoolExecutor.java:1191)
	at org.apache.tomcat.util.threads.ThreadPoolExecutor$Worker.run(ThreadPoolExecutor.java:659)
	at org.apache.tomcat.util.threads.TaskThread$WrappingRunnable.run(TaskThread.java:61)
	at java.lang.Thread.run(Thread.java:750)
Caused by: java.io.IOException: 断开的管道
	at sun.nio.ch.FileDispatcherImpl.write0(Native Method)
	at sun.nio.ch.SocketDispatcher.write(SocketDispatcher.java:47)
	at sun.nio.ch.IOUtil.writeFromNativeBuffer(IOUtil.java:93)
	at sun.nio.ch.IOUtil.write(IOUtil.java:65)
	at sun.nio.ch.SocketChannelImpl.write(SocketChannelImpl.java:470)
	at org.apache.tomcat.util.net.NioChannel.write(NioChannel.java:136)
	at org.apache.tomcat.util.net.NioEndpoint$NioSocketWrapper.doWrite(NioEndpoint.java:1431)
	at org.apache.tomcat.util.net.SocketWrapperBase.doWrite(SocketWrapperBase.java:775)
	at org.apache.tomcat.util.net.SocketWrapperBase.writeBlocking(SocketWrapperBase.java:600)
	at org.apache.tomcat.util.net.SocketWrapperBase.write(SocketWrapperBase.java:544)
	at org.apache.coyote.http11.Http11OutputBuffer$SocketOutputBuffer.doWrite(Http11OutputBuffer.java:540)
	at org.apache.coyote.http11.filters.IdentityOutputFilter.doWrite(IdentityOutputFilter.java:73)
	at org.apache.coyote.http11.Http11OutputBuffer.doWrite(Http11OutputBuffer.java:193)
	at org.apache.coyote.Response.doWrite(Response.java:606)
	at org.apache.catalina.connector.OutputBuffer.realWriteBytes(OutputBuffer.java:335)
	... 56 common frames omitted
2025-04-03 04:22:04,346 ERROR [http-nio-8080-exec-6] o.a.c.c.C.[.[.[.[dispatcherServlet] [DirectJDKLog.java : 175] Servlet.service() for servlet [dispatcherServlet] in context with path [/xxl-job-admin] threw exception [Request processing failed; nested exception is java.lang.IllegalStateException: getOutputStream() has already been called for this response] with root cause
java.lang.IllegalStateException: getOutputStream() has already been called for this response
	at org.apache.catalina.connector.Response.getWriter(Response.java:572)
	at org.apache.catalina.connector.ResponseFacade.getWriter(ResponseFacade.java:189)
	at org.springframework.web.servlet.view.freemarker.FreeMarkerView.processTemplate(FreeMarkerView.java:391)
	at org.springframework.web.servlet.view.freemarker.FreeMarkerView.doRender(FreeMarkerView.java:304)
	at org.springframework.web.servlet.view.freemarker.FreeMarkerView.renderMergedTemplateModel(FreeMarkerView.java:255)
	at org.springframework.web.servlet.view.AbstractTemplateView.renderMergedOutputModel(AbstractTemplateView.java:181)
	at org.springframework.web.servlet.view.AbstractView.render(AbstractView.java:316)
	at org.springframework.web.servlet.DispatcherServlet.render(DispatcherServlet.java:1406)
	at org.springframework.web.servlet.DispatcherServlet.processDispatchResult(DispatcherServlet.java:1150)
	at org.springframework.web.servlet.DispatcherServlet.doDispatch(DispatcherServlet.java:1089)
	at org.springframework.web.servlet.DispatcherServlet.doService(DispatcherServlet.java:965)
	at org.springframework.web.servlet.FrameworkServlet.processRequest(FrameworkServlet.java:1006)
	at org.springframework.web.servlet.FrameworkServlet.doGet(FrameworkServlet.java:898)
	at javax.servlet.http.HttpServlet.service(HttpServlet.java:529)
	at org.springframework.web.servlet.FrameworkServlet.service(FrameworkServlet.java:883)
	at javax.servlet.http.HttpServlet.service(HttpServlet.java:623)
	at org.apache.catalina.core.ApplicationFilterChain.internalDoFilter(ApplicationFilterChain.java:209)
	at org.apache.catalina.core.ApplicationFilterChain.doFilter(ApplicationFilterChain.java:153)
	at org.apache.tomcat.websocket.server.WsFilter.doFilter(WsFilter.java:51)
	at org.apache.catalina.core.ApplicationFilterChain.internalDoFilter(ApplicationFilterChain.java:178)
	at org.apache.catalina.core.ApplicationFilterChain.doFilter(ApplicationFilterChain.java:153)
	at org.springframework.web.filter.RequestContextFilter.doFilterInternal(RequestContextFilter.java:100)
	at org.springframework.web.filter.OncePerRequestFilter.doFilter(OncePerRequestFilter.java:117)
	at org.apache.catalina.core.ApplicationFilterChain.internalDoFilter(ApplicationFilterChain.java:178)
	at org.apache.catalina.core.ApplicationFilterChain.doFilter(ApplicationFilterChain.java:153)
	at org.springframework.web.filter.FormContentFilter.doFilterInternal(FormContentFilter.java:93)
	at org.springframework.web.filter.OncePerRequestFilter.doFilter(OncePerRequestFilter.java:117)
	at org.apache.catalina.core.ApplicationFilterChain.internalDoFilter(ApplicationFilterChain.java:178)
	at org.apache.catalina.core.ApplicationFilterChain.doFilter(ApplicationFilterChain.java:153)
	at org.springframework.boot.actuate.metrics.web.servlet.WebMvcMetricsFilter.doFilterInternal(WebMvcMetricsFilter.java:96)
	at org.springframework.web.filter.OncePerRequestFilter.doFilter(OncePerRequestFilter.java:117)
	at org.apache.catalina.core.ApplicationFilterChain.internalDoFilter(ApplicationFilterChain.java:178)
	at org.apache.catalina.core.ApplicationFilterChain.doFilter(ApplicationFilterChain.java:153)
	at org.springframework.web.filter.CharacterEncodingFilter.doFilterInternal(CharacterEncodingFilter.java:201)
	at org.springframework.web.filter.OncePerRequestFilter.doFilter(OncePerRequestFilter.java:117)
	at org.apache.catalina.core.ApplicationFilterChain.internalDoFilter(ApplicationFilterChain.java:178)
	at org.apache.catalina.core.ApplicationFilterChain.doFilter(ApplicationFilterChain.java:153)
	at org.apache.catalina.core.StandardWrapperValve.invoke(StandardWrapperValve.java:168)
	at org.apache.catalina.core.StandardContextValve.invoke(StandardContextValve.java:90)
	at org.apache.catalina.authenticator.AuthenticatorBase.invoke(AuthenticatorBase.java:481)
	at org.apache.catalina.core.StandardHostValve.invoke(StandardHostValve.java:130)
	at org.apache.catalina.valves.ErrorReportValve.invoke(ErrorReportValve.java:93)
	at org.apache.catalina.core.StandardEngineValve.invoke(StandardEngineValve.java:74)
	at org.apache.catalina.connector.CoyoteAdapter.service(CoyoteAdapter.java:342)
	at org.apache.coyote.http11.Http11Processor.service(Http11Processor.java:390)
	at org.apache.coyote.AbstractProcessorLight.process(AbstractProcessorLight.java:63)
	at org.apache.coyote.AbstractProtocol$ConnectionHandler.process(AbstractProtocol.java:928)
	at org.apache.tomcat.util.net.NioEndpoint$SocketProcessor.doRun(NioEndpoint.java:1794)
	at org.apache.tomcat.util.net.SocketProcessorBase.run(SocketProcessorBase.java:52)
	at org.apache.tomcat.util.threads.ThreadPoolExecutor.runWorker(ThreadPoolExecutor.java:1191)
	at org.apache.tomcat.util.threads.ThreadPoolExecutor$Worker.run(ThreadPoolExecutor.java:659)
	at org.apache.tomcat.util.threads.TaskThread$WrappingRunnable.run(TaskThread.java:61)
	at java.lang.Thread.run(Thread.java:750)
2025-04-03 04:22:04,357 ERROR [http-nio-8080-exec-7] c.x.j.a.c.r.WebExceptionResolver [WebExceptionResolver.java : 32] WebExceptionResolver:{}
org.apache.catalina.connector.ClientAbortException: java.io.IOException: 断开的管道
	at org.apache.catalina.connector.OutputBuffer.doFlush(OutputBuffer.java:309)
	at org.apache.catalina.connector.OutputBuffer.flush(OutputBuffer.java:271)
	at org.apache.catalina.connector.CoyoteOutputStream.flush(CoyoteOutputStream.java:120)
	at org.springframework.util.StreamUtils.copy(StreamUtils.java:170)
	at org.springframework.http.converter.ResourceHttpMessageConverter.writeContent(ResourceHttpMessageConverter.java:139)
	at org.springframework.http.converter.ResourceHttpMessageConverter.writeInternal(ResourceHttpMessageConverter.java:129)
	at org.springframework.http.converter.ResourceHttpMessageConverter.writeInternal(ResourceHttpMessageConverter.java:45)
	at org.springframework.http.converter.AbstractHttpMessageConverter.write(AbstractHttpMessageConverter.java:227)
	at org.springframework.web.servlet.resource.ResourceHttpRequestHandler.handleRequest(ResourceHttpRequestHandler.java:590)
	at org.springframework.web.servlet.mvc.HttpRequestHandlerAdapter.handle(HttpRequestHandlerAdapter.java:52)
	at org.springframework.web.servlet.DispatcherServlet.doDispatch(DispatcherServlet.java:1072)
	at org.springframework.web.servlet.DispatcherServlet.doService(DispatcherServlet.java:965)
	at org.springframework.web.servlet.FrameworkServlet.processRequest(FrameworkServlet.java:1006)
	at org.springframework.web.servlet.FrameworkServlet.doGet(FrameworkServlet.java:898)
	at javax.servlet.http.HttpServlet.service(HttpServlet.java:529)
	at org.springframework.web.servlet.FrameworkServlet.service(FrameworkServlet.java:883)
	at javax.servlet.http.HttpServlet.service(HttpServlet.java:623)
	at org.apache.catalina.core.ApplicationFilterChain.internalDoFilter(ApplicationFilterChain.java:209)
	at org.apache.catalina.core.ApplicationFilterChain.doFilter(ApplicationFilterChain.java:153)
	at org.apache.tomcat.websocket.server.WsFilter.doFilter(WsFilter.java:51)
	at org.apache.catalina.core.ApplicationFilterChain.internalDoFilter(ApplicationFilterChain.java:178)
	at org.apache.catalina.core.ApplicationFilterChain.doFilter(ApplicationFilterChain.java:153)
	at org.springframework.web.filter.RequestContextFilter.doFilterInternal(RequestContextFilter.java:100)
	at org.springframework.web.filter.OncePerRequestFilter.doFilter(OncePerRequestFilter.java:117)
	at org.apache.catalina.core.ApplicationFilterChain.internalDoFilter(ApplicationFilterChain.java:178)
	at org.apache.catalina.core.ApplicationFilterChain.doFilter(ApplicationFilterChain.java:153)
	at org.springframework.web.filter.FormContentFilter.doFilterInternal(FormContentFilter.java:93)
	at org.springframework.web.filter.OncePerRequestFilter.doFilter(OncePerRequestFilter.java:117)
	at org.apache.catalina.core.ApplicationFilterChain.internalDoFilter(ApplicationFilterChain.java:178)
	at org.apache.catalina.core.ApplicationFilterChain.doFilter(ApplicationFilterChain.java:153)
	at org.springframework.boot.actuate.metrics.web.servlet.WebMvcMetricsFilter.doFilterInternal(WebMvcMetricsFilter.java:96)
	at org.springframework.web.filter.OncePerRequestFilter.doFilter(OncePerRequestFilter.java:117)
	at org.apache.catalina.core.ApplicationFilterChain.internalDoFilter(ApplicationFilterChain.java:178)
	at org.apache.catalina.core.ApplicationFilterChain.doFilter(ApplicationFilterChain.java:153)
	at org.springframework.web.filter.CharacterEncodingFilter.doFilterInternal(CharacterEncodingFilter.java:201)
	at org.springframework.web.filter.OncePerRequestFilter.doFilter(OncePerRequestFilter.java:117)
	at org.apache.catalina.core.ApplicationFilterChain.internalDoFilter(ApplicationFilterChain.java:178)
	at org.apache.catalina.core.ApplicationFilterChain.doFilter(ApplicationFilterChain.java:153)
	at org.apache.catalina.core.StandardWrapperValve.invoke(StandardWrapperValve.java:168)
	at org.apache.catalina.core.StandardContextValve.invoke(StandardContextValve.java:90)
	at org.apache.catalina.authenticator.AuthenticatorBase.invoke(AuthenticatorBase.java:481)
	at org.apache.catalina.core.StandardHostValve.invoke(StandardHostValve.java:130)
	at org.apache.catalina.valves.ErrorReportValve.invoke(ErrorReportValve.java:93)
	at org.apache.catalina.core.StandardEngineValve.invoke(StandardEngineValve.java:74)
	at org.apache.catalina.connector.CoyoteAdapter.service(CoyoteAdapter.java:342)
	at org.apache.coyote.http11.Http11Processor.service(Http11Processor.java:390)
	at org.apache.coyote.AbstractProcessorLight.process(AbstractProcessorLight.java:63)
	at org.apache.coyote.AbstractProtocol$ConnectionHandler.process(AbstractProtocol.java:928)
	at org.apache.tomcat.util.net.NioEndpoint$SocketProcessor.doRun(NioEndpoint.java:1794)
	at org.apache.tomcat.util.net.SocketProcessorBase.run(SocketProcessorBase.java:52)
	at org.apache.tomcat.util.threads.ThreadPoolExecutor.runWorker(ThreadPoolExecutor.java:1191)
	at org.apache.tomcat.util.threads.ThreadPoolExecutor$Worker.run(ThreadPoolExecutor.java:659)
	at org.apache.tomcat.util.threads.TaskThread$WrappingRunnable.run(TaskThread.java:61)
	at java.lang.Thread.run(Thread.java:750)
Caused by: java.io.IOException: 断开的管道
	at sun.nio.ch.FileDispatcherImpl.write0(Native Method)
	at sun.nio.ch.SocketDispatcher.write(SocketDispatcher.java:47)
	at sun.nio.ch.IOUtil.writeFromNativeBuffer(IOUtil.java:93)
	at sun.nio.ch.IOUtil.write(IOUtil.java:65)
	at sun.nio.ch.SocketChannelImpl.write(SocketChannelImpl.java:470)
	at org.apache.tomcat.util.net.NioChannel.write(NioChannel.java:136)
	at org.apache.tomcat.util.net.NioEndpoint$NioSocketWrapper.doWrite(NioEndpoint.java:1431)
	at org.apache.tomcat.util.net.SocketWrapperBase.doWrite(SocketWrapperBase.java:775)
	at org.apache.tomcat.util.net.SocketWrapperBase.flushBlocking(SocketWrapperBase.java:739)
	at org.apache.tomcat.util.net.SocketWrapperBase.flush(SocketWrapperBase.java:723)
	at org.apache.coyote.http11.Http11OutputBuffer$SocketOutputBuffer.flush(Http11OutputBuffer.java:566)
	at org.apache.coyote.http11.filters.IdentityOutputFilter.flush(IdentityOutputFilter.java:117)
	at org.apache.coyote.http11.Http11OutputBuffer.flush(Http11OutputBuffer.java:220)
	at org.apache.coyote.http11.Http11Processor.flush(Http11Processor.java:1244)
	at org.apache.coyote.AbstractProcessor.action(AbstractProcessor.java:399)
	at org.apache.coyote.Response.action(Response.java:207)
	at org.apache.catalina.connector.OutputBuffer.doFlush(OutputBuffer.java:305)
	... 53 common frames omitted
2025-04-03 04:22:04,360 ERROR [http-nio-8080-exec-7] o.a.c.c.C.[.[.[.[dispatcherServlet] [DirectJDKLog.java : 175] Servlet.service() for servlet [dispatcherServlet] in context with path [/xxl-job-admin] threw exception [Request processing failed; nested exception is java.lang.IllegalStateException: getOutputStream() has already been called for this response] with root cause
java.lang.IllegalStateException: getOutputStream() has already been called for this response
	at org.apache.catalina.connector.Response.getWriter(Response.java:572)
	at org.apache.catalina.connector.ResponseFacade.getWriter(ResponseFacade.java:189)
	at org.springframework.web.servlet.view.freemarker.FreeMarkerView.processTemplate(FreeMarkerView.java:391)
	at org.springframework.web.servlet.view.freemarker.FreeMarkerView.doRender(FreeMarkerView.java:304)
	at org.springframework.web.servlet.view.freemarker.FreeMarkerView.renderMergedTemplateModel(FreeMarkerView.java:255)
	at org.springframework.web.servlet.view.AbstractTemplateView.renderMergedOutputModel(AbstractTemplateView.java:181)
	at org.springframework.web.servlet.view.AbstractView.render(AbstractView.java:316)
	at org.springframework.web.servlet.DispatcherServlet.render(DispatcherServlet.java:1406)
	at org.springframework.web.servlet.DispatcherServlet.processDispatchResult(DispatcherServlet.java:1150)
	at org.springframework.web.servlet.DispatcherServlet.doDispatch(DispatcherServlet.java:1089)
	at org.springframework.web.servlet.DispatcherServlet.doService(DispatcherServlet.java:965)
	at org.springframework.web.servlet.FrameworkServlet.processRequest(FrameworkServlet.java:1006)
	at org.springframework.web.servlet.FrameworkServlet.doGet(FrameworkServlet.java:898)
	at javax.servlet.http.HttpServlet.service(HttpServlet.java:529)
	at org.springframework.web.servlet.FrameworkServlet.service(FrameworkServlet.java:883)
	at javax.servlet.http.HttpServlet.service(HttpServlet.java:623)
	at org.apache.catalina.core.ApplicationFilterChain.internalDoFilter(ApplicationFilterChain.java:209)
	at org.apache.catalina.core.ApplicationFilterChain.doFilter(ApplicationFilterChain.java:153)
	at org.apache.tomcat.websocket.server.WsFilter.doFilter(WsFilter.java:51)
	at org.apache.catalina.core.ApplicationFilterChain.internalDoFilter(ApplicationFilterChain.java:178)
	at org.apache.catalina.core.ApplicationFilterChain.doFilter(ApplicationFilterChain.java:153)
	at org.springframework.web.filter.RequestContextFilter.doFilterInternal(RequestContextFilter.java:100)
	at org.springframework.web.filter.OncePerRequestFilter.doFilter(OncePerRequestFilter.java:117)
	at org.apache.catalina.core.ApplicationFilterChain.internalDoFilter(ApplicationFilterChain.java:178)
	at org.apache.catalina.core.ApplicationFilterChain.doFilter(ApplicationFilterChain.java:153)
	at org.springframework.web.filter.FormContentFilter.doFilterInternal(FormContentFilter.java:93)
	at org.springframework.web.filter.OncePerRequestFilter.doFilter(OncePerRequestFilter.java:117)
	at org.apache.catalina.core.ApplicationFilterChain.internalDoFilter(ApplicationFilterChain.java:178)
	at org.apache.catalina.core.ApplicationFilterChain.doFilter(ApplicationFilterChain.java:153)
	at org.springframework.boot.actuate.metrics.web.servlet.WebMvcMetricsFilter.doFilterInternal(WebMvcMetricsFilter.java:96)
	at org.springframework.web.filter.OncePerRequestFilter.doFilter(OncePerRequestFilter.java:117)
	at org.apache.catalina.core.ApplicationFilterChain.internalDoFilter(ApplicationFilterChain.java:178)
	at org.apache.catalina.core.ApplicationFilterChain.doFilter(ApplicationFilterChain.java:153)
	at org.springframework.web.filter.CharacterEncodingFilter.doFilterInternal(CharacterEncodingFilter.java:201)
	at org.springframework.web.filter.OncePerRequestFilter.doFilter(OncePerRequestFilter.java:117)
	at org.apache.catalina.core.ApplicationFilterChain.internalDoFilter(ApplicationFilterChain.java:178)
	at org.apache.catalina.core.ApplicationFilterChain.doFilter(ApplicationFilterChain.java:153)
	at org.apache.catalina.core.StandardWrapperValve.invoke(StandardWrapperValve.java:168)
	at org.apache.catalina.core.StandardContextValve.invoke(StandardContextValve.java:90)
	at org.apache.catalina.authenticator.AuthenticatorBase.invoke(AuthenticatorBase.java:481)
	at org.apache.catalina.core.StandardHostValve.invoke(StandardHostValve.java:130)
	at org.apache.catalina.valves.ErrorReportValve.invoke(ErrorReportValve.java:93)
	at org.apache.catalina.core.StandardEngineValve.invoke(StandardEngineValve.java:74)
	at org.apache.catalina.connector.CoyoteAdapter.service(CoyoteAdapter.java:342)
	at org.apache.coyote.http11.Http11Processor.service(Http11Processor.java:390)
	at org.apache.coyote.AbstractProcessorLight.process(AbstractProcessorLight.java:63)
	at org.apache.coyote.AbstractProtocol$ConnectionHandler.process(AbstractProtocol.java:928)
	at org.apache.tomcat.util.net.NioEndpoint$SocketProcessor.doRun(NioEndpoint.java:1794)
	at org.apache.tomcat.util.net.SocketProcessorBase.run(SocketProcessorBase.java:52)
	at org.apache.tomcat.util.threads.ThreadPoolExecutor.runWorker(ThreadPoolExecutor.java:1191)
	at org.apache.tomcat.util.threads.ThreadPoolExecutor$Worker.run(ThreadPoolExecutor.java:659)
	at org.apache.tomcat.util.threads.TaskThread$WrappingRunnable.run(TaskThread.java:61)
	at java.lang.Thread.run(Thread.java:750)
2025-04-03 04:23:41,374 INFO [xxl-job, admin JobScheduleHelper#scheduleThread] c.x.j.a.c.thread.JobScheduleHelper [JobScheduleHelper.java : 212] >>>>>>>>>>> xxl-job, JobScheduleHelper#scheduleThread stop
2025-04-03 04:23:42,000 INFO [xxl-job, admin JobScheduleHelper#ringThread] c.x.j.a.c.thread.JobScheduleHelper [JobScheduleHelper.java : 264] >>>>>>>>>>> xxl-job, JobScheduleHelper#ringThread stop
2025-04-03 04:23:42,376 INFO [SpringApplicationShutdownHook] c.x.j.a.c.thread.JobScheduleHelper [JobScheduleHelper.java : 364] >>>>>>>>>>> xxl-job, JobScheduleHelper stop
2025-04-03 04:23:42,377 INFO [xxl-job, admin JobLogReportHelper] c.x.j.a.c.thread.JobLogReportHelper [JobLogReportHelper.java : 139] >>>>>>>>>>> xxl-job, job log report thread stop
2025-04-03 04:23:42,378 INFO [xxl-job, admin JobLosedMonitorHelper] c.x.j.a.c.thread.JobCompleteHelper [JobCompleteHelper.java : 111] >>>>>>>>>>> xxl-job, JobLosedMonitorHelper stop
2025-04-03 04:23:42,379 INFO [xxl-job, admin JobFailMonitorHelper] c.x.j.a.c.t.JobFailMonitorHelper [JobFailMonitorHelper.java : 90] >>>>>>>>>>> xxl-job, job fail monitor thread stop
2025-04-03 04:23:42,380 INFO [xxl-job, admin JobRegistryMonitorHelper-registryMonitorThread] c.x.j.a.c.thread.JobRegistryHelper [JobRegistryHelper.java : 123] >>>>>>>>>>> xxl-job, job registry monitor thread stop
2025-04-03 04:23:42,380 INFO [SpringApplicationShutdownHook] c.x.j.a.c.t.JobTriggerPoolHelper [JobTriggerPoolHelper.java : 60] >>>>>>>>> xxl-job trigger thread pool shutdown success.
2025-04-03 04:23:42,387 INFO [SpringApplicationShutdownHook] com.zaxxer.hikari.HikariDataSource [HikariDataSource.java : 350] HikariCP - Shutdown initiated...
2025-04-03 04:23:42,397 INFO [SpringApplicationShutdownHook] com.zaxxer.hikari.HikariDataSource [HikariDataSource.java : 352] HikariCP - Shutdown completed.
2025-04-03 04:26:06,168 INFO [main] c.x.job.admin.XxlJobAdminApplication [StartupInfoLogger.java : 55] Starting XxlJobAdminApplication using Java 1.8.0_442 on ubuntu with PID 2784 (/home/zzy/xxljob/xxl-job-2.5.0(kingbase)/xxl-job-admin/target/classes started by zzy in /home/zzy/xxljob/xxl-job-2.5.0(kingbase))
2025-04-03 04:26:06,174 INFO [main] c.x.job.admin.XxlJobAdminApplication [SpringApplication.java : 632] No active profile set, falling back to 1 default profile: "default"
2025-04-03 04:26:08,400 INFO [main] o.s.b.w.e.tomcat.TomcatWebServer [TomcatWebServer.java : 108] Tomcat initialized with port(s): 8080 (http)
2025-04-03 04:26:08,410 INFO [main] o.a.coyote.http11.Http11NioProtocol [DirectJDKLog.java : 173] Initializing ProtocolHandler ["http-nio-8080"]
2025-04-03 04:26:08,413 INFO [main] o.a.catalina.core.StandardService [DirectJDKLog.java : 173] Starting service [Tomcat]
2025-04-03 04:26:08,414 INFO [main] o.a.catalina.core.StandardEngine [DirectJDKLog.java : 173] Starting Servlet engine: [Apache Tomcat/9.0.83]
2025-04-03 04:26:08,513 INFO [main] o.a.c.c.C.[.[.[/xxl-job-admin] [DirectJDKLog.java : 173] Initializing Spring embedded WebApplicationContext
2025-04-03 04:26:08,513 INFO [main] o.s.b.w.s.c.ServletWebServerApplicationContext [ServletWebServerApplicationContext.java : 292] Root WebApplicationContext: initialization completed in 1970 ms
2025-04-03 04:26:09,712 INFO [main] com.zaxxer.hikari.HikariDataSource [HikariDataSource.java : 110] HikariCP - Starting...
2025-04-03 04:26:10,037 INFO [main] com.zaxxer.hikari.HikariDataSource [HikariDataSource.java : 123] HikariCP - Start completed.
2025-04-03 04:26:10,563 INFO [main] c.x.j.a.c.scheduler.XxlJobScheduler [XxlJobScheduler.java : 45] >>>>>>>>> init xxl-job admin success.
2025-04-03 04:26:10,859 INFO [main] o.s.b.a.w.s.WelcomePageHandlerMapping [WelcomePageHandlerMapping.java : 60] Adding welcome page template: index
2025-04-03 04:26:11,687 INFO [main] o.s.b.a.e.web.EndpointLinksResolver [EndpointLinksResolver.java : 58] Exposing 1 endpoint(s) beneath base path '/actuator'
2025-04-03 04:26:11,720 INFO [main] o.a.coyote.http11.Http11NioProtocol [DirectJDKLog.java : 173] Starting ProtocolHandler ["http-nio-8080"]
2025-04-03 04:26:11,756 INFO [main] o.a.c.c.C.[.[.[/xxl-job-admin] [DirectJDKLog.java : 173] Initializing Spring DispatcherServlet 'dispatcherServlet'
2025-04-03 04:26:11,757 INFO [main] o.s.web.servlet.DispatcherServlet [FrameworkServlet.java : 525] Initializing Servlet 'dispatcherServlet'
2025-04-03 04:26:11,758 INFO [main] o.s.web.servlet.DispatcherServlet [FrameworkServlet.java : 547] Completed initialization in 1 ms
2025-04-03 04:26:11,760 INFO [main] o.s.b.w.e.tomcat.TomcatWebServer [TomcatWebServer.java : 220] Tomcat started on port(s): 8080 (http) with context path '/xxl-job-admin'
2025-04-03 04:26:11,779 INFO [main] c.x.job.admin.XxlJobAdminApplication [StartupInfoLogger.java : 61] Started XxlJobAdminApplication in 6.198 seconds (JVM running for 8.876)
2025-04-03 04:26:15,001 INFO [xxl-job, admin JobScheduleHelper#scheduleThread] c.x.j.a.c.thread.JobScheduleHelper [JobScheduleHelper.java : 52] >>>>>>>>> init xxl-job admin scheduler success.
2025-04-03 04:26:29,538 ERROR [http-nio-8080-exec-3] c.x.j.a.c.r.WebExceptionResolver [WebExceptionResolver.java : 32] WebExceptionResolver:{}
org.apache.catalina.connector.ClientAbortException: java.io.IOException: 断开的管道
	at org.apache.catalina.connector.OutputBuffer.realWriteBytes(OutputBuffer.java:348)
	at org.apache.catalina.connector.OutputBuffer.flushByteBuffer(OutputBuffer.java:777)
	at org.apache.catalina.connector.OutputBuffer.append(OutputBuffer.java:680)
	at org.apache.catalina.connector.OutputBuffer.writeBytes(OutputBuffer.java:383)
	at org.apache.catalina.connector.OutputBuffer.write(OutputBuffer.java:361)
	at org.apache.catalina.connector.CoyoteOutputStream.write(CoyoteOutputStream.java:97)
	at org.springframework.util.StreamUtils.copy(StreamUtils.java:167)
	at org.springframework.http.converter.ResourceHttpMessageConverter.writeContent(ResourceHttpMessageConverter.java:139)
	at org.springframework.http.converter.ResourceHttpMessageConverter.writeInternal(ResourceHttpMessageConverter.java:129)
	at org.springframework.http.converter.ResourceHttpMessageConverter.writeInternal(ResourceHttpMessageConverter.java:45)
	at org.springframework.http.converter.AbstractHttpMessageConverter.write(AbstractHttpMessageConverter.java:227)
	at org.springframework.web.servlet.resource.ResourceHttpRequestHandler.handleRequest(ResourceHttpRequestHandler.java:590)
	at org.springframework.web.servlet.mvc.HttpRequestHandlerAdapter.handle(HttpRequestHandlerAdapter.java:52)
	at org.springframework.web.servlet.DispatcherServlet.doDispatch(DispatcherServlet.java:1072)
	at org.springframework.web.servlet.DispatcherServlet.doService(DispatcherServlet.java:965)
	at org.springframework.web.servlet.FrameworkServlet.processRequest(FrameworkServlet.java:1006)
	at org.springframework.web.servlet.FrameworkServlet.doGet(FrameworkServlet.java:898)
	at javax.servlet.http.HttpServlet.service(HttpServlet.java:529)
	at org.springframework.web.servlet.FrameworkServlet.service(FrameworkServlet.java:883)
	at javax.servlet.http.HttpServlet.service(HttpServlet.java:623)
	at org.apache.catalina.core.ApplicationFilterChain.internalDoFilter(ApplicationFilterChain.java:209)
	at org.apache.catalina.core.ApplicationFilterChain.doFilter(ApplicationFilterChain.java:153)
	at org.apache.tomcat.websocket.server.WsFilter.doFilter(WsFilter.java:51)
	at org.apache.catalina.core.ApplicationFilterChain.internalDoFilter(ApplicationFilterChain.java:178)
	at org.apache.catalina.core.ApplicationFilterChain.doFilter(ApplicationFilterChain.java:153)
	at org.springframework.web.filter.RequestContextFilter.doFilterInternal(RequestContextFilter.java:100)
	at org.springframework.web.filter.OncePerRequestFilter.doFilter(OncePerRequestFilter.java:117)
	at org.apache.catalina.core.ApplicationFilterChain.internalDoFilter(ApplicationFilterChain.java:178)
	at org.apache.catalina.core.ApplicationFilterChain.doFilter(ApplicationFilterChain.java:153)
	at org.springframework.web.filter.FormContentFilter.doFilterInternal(FormContentFilter.java:93)
	at org.springframework.web.filter.OncePerRequestFilter.doFilter(OncePerRequestFilter.java:117)
	at org.apache.catalina.core.ApplicationFilterChain.internalDoFilter(ApplicationFilterChain.java:178)
	at org.apache.catalina.core.ApplicationFilterChain.doFilter(ApplicationFilterChain.java:153)
	at org.springframework.boot.actuate.metrics.web.servlet.WebMvcMetricsFilter.doFilterInternal(WebMvcMetricsFilter.java:96)
	at org.springframework.web.filter.OncePerRequestFilter.doFilter(OncePerRequestFilter.java:117)
	at org.apache.catalina.core.ApplicationFilterChain.internalDoFilter(ApplicationFilterChain.java:178)
	at org.apache.catalina.core.ApplicationFilterChain.doFilter(ApplicationFilterChain.java:153)
	at org.springframework.web.filter.CharacterEncodingFilter.doFilterInternal(CharacterEncodingFilter.java:201)
	at org.springframework.web.filter.OncePerRequestFilter.doFilter(OncePerRequestFilter.java:117)
	at org.apache.catalina.core.ApplicationFilterChain.internalDoFilter(ApplicationFilterChain.java:178)
	at org.apache.catalina.core.ApplicationFilterChain.doFilter(ApplicationFilterChain.java:153)
	at org.apache.catalina.core.StandardWrapperValve.invoke(StandardWrapperValve.java:168)
	at org.apache.catalina.core.StandardContextValve.invoke(StandardContextValve.java:90)
	at org.apache.catalina.authenticator.AuthenticatorBase.invoke(AuthenticatorBase.java:481)
	at org.apache.catalina.core.StandardHostValve.invoke(StandardHostValve.java:130)
	at org.apache.catalina.valves.ErrorReportValve.invoke(ErrorReportValve.java:93)
	at org.apache.catalina.core.StandardEngineValve.invoke(StandardEngineValve.java:74)
	at org.apache.catalina.connector.CoyoteAdapter.service(CoyoteAdapter.java:342)
	at org.apache.coyote.http11.Http11Processor.service(Http11Processor.java:390)
	at org.apache.coyote.AbstractProcessorLight.process(AbstractProcessorLight.java:63)
	at org.apache.coyote.AbstractProtocol$ConnectionHandler.process(AbstractProtocol.java:928)
	at org.apache.tomcat.util.net.NioEndpoint$SocketProcessor.doRun(NioEndpoint.java:1794)
	at org.apache.tomcat.util.net.SocketProcessorBase.run(SocketProcessorBase.java:52)
	at org.apache.tomcat.util.threads.ThreadPoolExecutor.runWorker(ThreadPoolExecutor.java:1191)
	at org.apache.tomcat.util.threads.ThreadPoolExecutor$Worker.run(ThreadPoolExecutor.java:659)
	at org.apache.tomcat.util.threads.TaskThread$WrappingRunnable.run(TaskThread.java:61)
	at java.lang.Thread.run(Thread.java:750)
Caused by: java.io.IOException: 断开的管道
	at sun.nio.ch.FileDispatcherImpl.write0(Native Method)
	at sun.nio.ch.SocketDispatcher.write(SocketDispatcher.java:47)
	at sun.nio.ch.IOUtil.writeFromNativeBuffer(IOUtil.java:93)
	at sun.nio.ch.IOUtil.write(IOUtil.java:65)
	at sun.nio.ch.SocketChannelImpl.write(SocketChannelImpl.java:470)
	at org.apache.tomcat.util.net.NioChannel.write(NioChannel.java:136)
	at org.apache.tomcat.util.net.NioEndpoint$NioSocketWrapper.doWrite(NioEndpoint.java:1431)
	at org.apache.tomcat.util.net.SocketWrapperBase.doWrite(SocketWrapperBase.java:775)
	at org.apache.tomcat.util.net.SocketWrapperBase.writeBlocking(SocketWrapperBase.java:600)
	at org.apache.tomcat.util.net.SocketWrapperBase.write(SocketWrapperBase.java:544)
	at org.apache.coyote.http11.Http11OutputBuffer$SocketOutputBuffer.doWrite(Http11OutputBuffer.java:540)
	at org.apache.coyote.http11.filters.IdentityOutputFilter.doWrite(IdentityOutputFilter.java:73)
	at org.apache.coyote.http11.Http11OutputBuffer.doWrite(Http11OutputBuffer.java:193)
	at org.apache.coyote.Response.doWrite(Response.java:606)
	at org.apache.catalina.connector.OutputBuffer.realWriteBytes(OutputBuffer.java:335)
	... 56 common frames omitted
2025-04-03 04:26:29,545 ERROR [http-nio-8080-exec-3] o.a.c.c.C.[.[.[.[dispatcherServlet] [DirectJDKLog.java : 175] Servlet.service() for servlet [dispatcherServlet] in context with path [/xxl-job-admin] threw exception [Request processing failed; nested exception is java.lang.IllegalStateException: getOutputStream() has already been called for this response] with root cause
java.lang.IllegalStateException: getOutputStream() has already been called for this response
	at org.apache.catalina.connector.Response.getWriter(Response.java:572)
	at org.apache.catalina.connector.ResponseFacade.getWriter(ResponseFacade.java:189)
	at org.springframework.web.servlet.view.freemarker.FreeMarkerView.processTemplate(FreeMarkerView.java:391)
	at org.springframework.web.servlet.view.freemarker.FreeMarkerView.doRender(FreeMarkerView.java:304)
	at org.springframework.web.servlet.view.freemarker.FreeMarkerView.renderMergedTemplateModel(FreeMarkerView.java:255)
	at org.springframework.web.servlet.view.AbstractTemplateView.renderMergedOutputModel(AbstractTemplateView.java:181)
	at org.springframework.web.servlet.view.AbstractView.render(AbstractView.java:316)
	at org.springframework.web.servlet.DispatcherServlet.render(DispatcherServlet.java:1406)
	at org.springframework.web.servlet.DispatcherServlet.processDispatchResult(DispatcherServlet.java:1150)
	at org.springframework.web.servlet.DispatcherServlet.doDispatch(DispatcherServlet.java:1089)
	at org.springframework.web.servlet.DispatcherServlet.doService(DispatcherServlet.java:965)
	at org.springframework.web.servlet.FrameworkServlet.processRequest(FrameworkServlet.java:1006)
	at org.springframework.web.servlet.FrameworkServlet.doGet(FrameworkServlet.java:898)
	at javax.servlet.http.HttpServlet.service(HttpServlet.java:529)
	at org.springframework.web.servlet.FrameworkServlet.service(FrameworkServlet.java:883)
	at javax.servlet.http.HttpServlet.service(HttpServlet.java:623)
	at org.apache.catalina.core.ApplicationFilterChain.internalDoFilter(ApplicationFilterChain.java:209)
	at org.apache.catalina.core.ApplicationFilterChain.doFilter(ApplicationFilterChain.java:153)
	at org.apache.tomcat.websocket.server.WsFilter.doFilter(WsFilter.java:51)
	at org.apache.catalina.core.ApplicationFilterChain.internalDoFilter(ApplicationFilterChain.java:178)
	at org.apache.catalina.core.ApplicationFilterChain.doFilter(ApplicationFilterChain.java:153)
	at org.springframework.web.filter.RequestContextFilter.doFilterInternal(RequestContextFilter.java:100)
	at org.springframework.web.filter.OncePerRequestFilter.doFilter(OncePerRequestFilter.java:117)
	at org.apache.catalina.core.ApplicationFilterChain.internalDoFilter(ApplicationFilterChain.java:178)
	at org.apache.catalina.core.ApplicationFilterChain.doFilter(ApplicationFilterChain.java:153)
	at org.springframework.web.filter.FormContentFilter.doFilterInternal(FormContentFilter.java:93)
	at org.springframework.web.filter.OncePerRequestFilter.doFilter(OncePerRequestFilter.java:117)
	at org.apache.catalina.core.ApplicationFilterChain.internalDoFilter(ApplicationFilterChain.java:178)
	at org.apache.catalina.core.ApplicationFilterChain.doFilter(ApplicationFilterChain.java:153)
	at org.springframework.boot.actuate.metrics.web.servlet.WebMvcMetricsFilter.doFilterInternal(WebMvcMetricsFilter.java:96)
	at org.springframework.web.filter.OncePerRequestFilter.doFilter(OncePerRequestFilter.java:117)
	at org.apache.catalina.core.ApplicationFilterChain.internalDoFilter(ApplicationFilterChain.java:178)
	at org.apache.catalina.core.ApplicationFilterChain.doFilter(ApplicationFilterChain.java:153)
	at org.springframework.web.filter.CharacterEncodingFilter.doFilterInternal(CharacterEncodingFilter.java:201)
	at org.springframework.web.filter.OncePerRequestFilter.doFilter(OncePerRequestFilter.java:117)
	at org.apache.catalina.core.ApplicationFilterChain.internalDoFilter(ApplicationFilterChain.java:178)
	at org.apache.catalina.core.ApplicationFilterChain.doFilter(ApplicationFilterChain.java:153)
	at org.apache.catalina.core.StandardWrapperValve.invoke(StandardWrapperValve.java:168)
	at org.apache.catalina.core.StandardContextValve.invoke(StandardContextValve.java:90)
	at org.apache.catalina.authenticator.AuthenticatorBase.invoke(AuthenticatorBase.java:481)
	at org.apache.catalina.core.StandardHostValve.invoke(StandardHostValve.java:130)
	at org.apache.catalina.valves.ErrorReportValve.invoke(ErrorReportValve.java:93)
	at org.apache.catalina.core.StandardEngineValve.invoke(StandardEngineValve.java:74)
	at org.apache.catalina.connector.CoyoteAdapter.service(CoyoteAdapter.java:342)
	at org.apache.coyote.http11.Http11Processor.service(Http11Processor.java:390)
	at org.apache.coyote.AbstractProcessorLight.process(AbstractProcessorLight.java:63)
	at org.apache.coyote.AbstractProtocol$ConnectionHandler.process(AbstractProtocol.java:928)
	at org.apache.tomcat.util.net.NioEndpoint$SocketProcessor.doRun(NioEndpoint.java:1794)
	at org.apache.tomcat.util.net.SocketProcessorBase.run(SocketProcessorBase.java:52)
	at org.apache.tomcat.util.threads.ThreadPoolExecutor.runWorker(ThreadPoolExecutor.java:1191)
	at org.apache.tomcat.util.threads.ThreadPoolExecutor$Worker.run(ThreadPoolExecutor.java:659)
	at org.apache.tomcat.util.threads.TaskThread$WrappingRunnable.run(TaskThread.java:61)
	at java.lang.Thread.run(Thread.java:750)
2025-04-03 04:28:43,013 ERROR [http-nio-8080-exec-5] c.x.j.a.controller.JobInfoController [JobInfoController.java : 148] Unexpected end of expression.
java.text.ParseException: Unexpected end of expression.
	at com.xxl.job.admin.core.cron.CronExpression.buildExpression(CronExpression.java:498)
	at com.xxl.job.admin.core.cron.CronExpression.<init>(CronExpression.java:279)
	at com.xxl.job.admin.core.thread.JobScheduleHelper.generateNextValidTime(JobScheduleHelper.java:372)
	at com.xxl.job.admin.controller.JobInfoController.nextTriggerTime(JobInfoController.java:140)
	at sun.reflect.NativeMethodAccessorImpl.invoke0(Native Method)
	at sun.reflect.NativeMethodAccessorImpl.invoke(NativeMethodAccessorImpl.java:62)
	at sun.reflect.DelegatingMethodAccessorImpl.invoke(DelegatingMethodAccessorImpl.java:43)
	at java.lang.reflect.Method.invoke(Method.java:498)
	at org.springframework.web.method.support.InvocableHandlerMethod.doInvoke(InvocableHandlerMethod.java:205)
	at org.springframework.web.method.support.InvocableHandlerMethod.invokeForRequest(InvocableHandlerMethod.java:150)
	at org.springframework.web.servlet.mvc.method.annotation.ServletInvocableHandlerMethod.invokeAndHandle(ServletInvocableHandlerMethod.java:117)
	at org.springframework.web.servlet.mvc.method.annotation.RequestMappingHandlerAdapter.invokeHandlerMethod(RequestMappingHandlerAdapter.java:895)
	at org.springframework.web.servlet.mvc.method.annotation.RequestMappingHandlerAdapter.handleInternal(RequestMappingHandlerAdapter.java:808)
	at org.springframework.web.servlet.mvc.method.AbstractHandlerMethodAdapter.handle(AbstractHandlerMethodAdapter.java:87)
	at org.springframework.web.servlet.DispatcherServlet.doDispatch(DispatcherServlet.java:1072)
	at org.springframework.web.servlet.DispatcherServlet.doService(DispatcherServlet.java:965)
	at org.springframework.web.servlet.FrameworkServlet.processRequest(FrameworkServlet.java:1006)
	at org.springframework.web.servlet.FrameworkServlet.doGet(FrameworkServlet.java:898)
	at javax.servlet.http.HttpServlet.service(HttpServlet.java:529)
	at org.springframework.web.servlet.FrameworkServlet.service(FrameworkServlet.java:883)
	at javax.servlet.http.HttpServlet.service(HttpServlet.java:623)
	at org.apache.catalina.core.ApplicationFilterChain.internalDoFilter(ApplicationFilterChain.java:209)
	at org.apache.catalina.core.ApplicationFilterChain.doFilter(ApplicationFilterChain.java:153)
	at org.apache.tomcat.websocket.server.WsFilter.doFilter(WsFilter.java:51)
	at org.apache.catalina.core.ApplicationFilterChain.internalDoFilter(ApplicationFilterChain.java:178)
	at org.apache.catalina.core.ApplicationFilterChain.doFilter(ApplicationFilterChain.java:153)
	at org.springframework.web.filter.RequestContextFilter.doFilterInternal(RequestContextFilter.java:100)
	at org.springframework.web.filter.OncePerRequestFilter.doFilter(OncePerRequestFilter.java:117)
	at org.apache.catalina.core.ApplicationFilterChain.internalDoFilter(ApplicationFilterChain.java:178)
	at org.apache.catalina.core.ApplicationFilterChain.doFilter(ApplicationFilterChain.java:153)
	at org.springframework.web.filter.FormContentFilter.doFilterInternal(FormContentFilter.java:93)
	at org.springframework.web.filter.OncePerRequestFilter.doFilter(OncePerRequestFilter.java:117)
	at org.apache.catalina.core.ApplicationFilterChain.internalDoFilter(ApplicationFilterChain.java:178)
	at org.apache.catalina.core.ApplicationFilterChain.doFilter(ApplicationFilterChain.java:153)
	at org.springframework.boot.actuate.metrics.web.servlet.WebMvcMetricsFilter.doFilterInternal(WebMvcMetricsFilter.java:96)
	at org.springframework.web.filter.OncePerRequestFilter.doFilter(OncePerRequestFilter.java:117)
	at org.apache.catalina.core.ApplicationFilterChain.internalDoFilter(ApplicationFilterChain.java:178)
	at org.apache.catalina.core.ApplicationFilterChain.doFilter(ApplicationFilterChain.java:153)
	at org.springframework.web.filter.CharacterEncodingFilter.doFilterInternal(CharacterEncodingFilter.java:201)
	at org.springframework.web.filter.OncePerRequestFilter.doFilter(OncePerRequestFilter.java:117)
	at org.apache.catalina.core.ApplicationFilterChain.internalDoFilter(ApplicationFilterChain.java:178)
	at org.apache.catalina.core.ApplicationFilterChain.doFilter(ApplicationFilterChain.java:153)
	at org.apache.catalina.core.StandardWrapperValve.invoke(StandardWrapperValve.java:168)
	at org.apache.catalina.core.StandardContextValve.invoke(StandardContextValve.java:90)
	at org.apache.catalina.authenticator.AuthenticatorBase.invoke(AuthenticatorBase.java:481)
	at org.apache.catalina.core.StandardHostValve.invoke(StandardHostValve.java:130)
	at org.apache.catalina.valves.ErrorReportValve.invoke(ErrorReportValve.java:93)
	at org.apache.catalina.core.StandardEngineValve.invoke(StandardEngineValve.java:74)
	at org.apache.catalina.connector.CoyoteAdapter.service(CoyoteAdapter.java:342)
	at org.apache.coyote.http11.Http11Processor.service(Http11Processor.java:390)
	at org.apache.coyote.AbstractProcessorLight.process(AbstractProcessorLight.java:63)
	at org.apache.coyote.AbstractProtocol$ConnectionHandler.process(AbstractProtocol.java:928)
	at org.apache.tomcat.util.net.NioEndpoint$SocketProcessor.doRun(NioEndpoint.java:1794)
	at org.apache.tomcat.util.net.SocketProcessorBase.run(SocketProcessorBase.java:52)
	at org.apache.tomcat.util.threads.ThreadPoolExecutor.runWorker(ThreadPoolExecutor.java:1191)
	at org.apache.tomcat.util.threads.ThreadPoolExecutor$Worker.run(ThreadPoolExecutor.java:659)
	at org.apache.tomcat.util.threads.TaskThread$WrappingRunnable.run(TaskThread.java:61)
	at java.lang.Thread.run(Thread.java:750)
2025-04-03 04:29:53,551 INFO [xxl-job, admin JobScheduleHelper#scheduleThread] c.x.j.a.c.thread.JobScheduleHelper [JobScheduleHelper.java : 212] >>>>>>>>>>> xxl-job, JobScheduleHelper#scheduleThread stop
2025-04-03 04:29:54,000 INFO [xxl-job, admin JobScheduleHelper#ringThread] c.x.j.a.c.thread.JobScheduleHelper [JobScheduleHelper.java : 264] >>>>>>>>>>> xxl-job, JobScheduleHelper#ringThread stop
2025-04-03 04:29:54,552 INFO [SpringApplicationShutdownHook] c.x.j.a.c.thread.JobScheduleHelper [JobScheduleHelper.java : 364] >>>>>>>>>>> xxl-job, JobScheduleHelper stop
2025-04-03 04:29:54,553 INFO [xxl-job, admin JobLogReportHelper] c.x.j.a.c.thread.JobLogReportHelper [JobLogReportHelper.java : 139] >>>>>>>>>>> xxl-job, job log report thread stop
2025-04-03 04:29:54,553 INFO [xxl-job, admin JobLosedMonitorHelper] c.x.j.a.c.thread.JobCompleteHelper [JobCompleteHelper.java : 111] >>>>>>>>>>> xxl-job, JobLosedMonitorHelper stop
2025-04-03 04:29:54,553 INFO [xxl-job, admin JobFailMonitorHelper] c.x.j.a.c.t.JobFailMonitorHelper [JobFailMonitorHelper.java : 90] >>>>>>>>>>> xxl-job, job fail monitor thread stop
2025-04-03 04:29:54,554 INFO [xxl-job, admin JobRegistryMonitorHelper-registryMonitorThread] c.x.j.a.c.thread.JobRegistryHelper [JobRegistryHelper.java : 123] >>>>>>>>>>> xxl-job, job registry monitor thread stop
2025-04-03 04:29:54,555 INFO [SpringApplicationShutdownHook] c.x.j.a.c.t.JobTriggerPoolHelper [JobTriggerPoolHelper.java : 60] >>>>>>>>> xxl-job trigger thread pool shutdown success.
2025-04-03 04:29:54,558 INFO [SpringApplicationShutdownHook] com.zaxxer.hikari.HikariDataSource [HikariDataSource.java : 350] HikariCP - Shutdown initiated...
2025-04-03 04:29:54,563 INFO [SpringApplicationShutdownHook] com.zaxxer.hikari.HikariDataSource [HikariDataSource.java : 352] HikariCP - Shutdown completed.
2025-04-03 04:30:04,728 INFO [main] c.x.job.admin.XxlJobAdminApplication [StartupInfoLogger.java : 55] Starting XxlJobAdminApplication using Java 1.8.0_442 on ubuntu with PID 3967 (/home/zzy/xxljob/xxl-job-2.5.0(kingbase)/xxl-job-admin/target/classes started by zzy in /home/zzy/xxljob/xxl-job-2.5.0(kingbase))
2025-04-03 04:30:04,731 INFO [main] c.x.job.admin.XxlJobAdminApplication [SpringApplication.java : 632] No active profile set, falling back to 1 default profile: "default"
2025-04-03 04:30:05,986 INFO [main] o.s.b.w.e.tomcat.TomcatWebServer [TomcatWebServer.java : 108] Tomcat initialized with port(s): 8080 (http)
2025-04-03 04:30:05,992 INFO [main] o.a.coyote.http11.Http11NioProtocol [DirectJDKLog.java : 173] Initializing ProtocolHandler ["http-nio-8080"]
2025-04-03 04:30:05,993 INFO [main] o.a.catalina.core.StandardService [DirectJDKLog.java : 173] Starting service [Tomcat]
2025-04-03 04:30:05,993 INFO [main] o.a.catalina.core.StandardEngine [DirectJDKLog.java : 173] Starting Servlet engine: [Apache Tomcat/9.0.83]
2025-04-03 04:30:06,043 INFO [main] o.a.c.c.C.[.[.[/xxl-job-admin] [DirectJDKLog.java : 173] Initializing Spring embedded WebApplicationContext
2025-04-03 04:30:06,044 INFO [main] o.s.b.w.s.c.ServletWebServerApplicationContext [ServletWebServerApplicationContext.java : 292] Root WebApplicationContext: initialization completed in 1036 ms
2025-04-03 04:30:06,359 INFO [main] com.zaxxer.hikari.HikariDataSource [HikariDataSource.java : 110] HikariCP - Starting...
2025-04-03 04:30:06,503 INFO [main] com.zaxxer.hikari.HikariDataSource [HikariDataSource.java : 123] HikariCP - Start completed.
2025-04-03 04:30:06,713 INFO [main] c.x.j.a.c.scheduler.XxlJobScheduler [XxlJobScheduler.java : 45] >>>>>>>>> init xxl-job admin success.
2025-04-03 04:30:06,859 INFO [main] o.s.b.a.w.s.WelcomePageHandlerMapping [WelcomePageHandlerMapping.java : 60] Adding welcome page template: index
2025-04-03 04:30:07,577 INFO [main] o.s.b.a.e.web.EndpointLinksResolver [EndpointLinksResolver.java : 58] Exposing 1 endpoint(s) beneath base path '/actuator'
2025-04-03 04:30:07,626 INFO [main] o.a.coyote.http11.Http11NioProtocol [DirectJDKLog.java : 173] Starting ProtocolHandler ["http-nio-8080"]
2025-04-03 04:30:07,649 INFO [main] o.a.c.c.C.[.[.[/xxl-job-admin] [DirectJDKLog.java : 173] Initializing Spring DispatcherServlet 'dispatcherServlet'
2025-04-03 04:30:07,650 INFO [main] o.s.web.servlet.DispatcherServlet [FrameworkServlet.java : 525] Initializing Servlet 'dispatcherServlet'
2025-04-03 04:30:07,651 INFO [main] o.s.web.servlet.DispatcherServlet [FrameworkServlet.java : 547] Completed initialization in 1 ms
2025-04-03 04:30:07,655 INFO [main] o.s.b.w.e.tomcat.TomcatWebServer [TomcatWebServer.java : 220] Tomcat started on port(s): 8080 (http) with context path '/xxl-job-admin'
2025-04-03 04:30:07,676 INFO [main] c.x.job.admin.XxlJobAdminApplication [StartupInfoLogger.java : 61] Started XxlJobAdminApplication in 3.322 seconds (JVM running for 4.125)
2025-04-03 04:30:11,000 INFO [xxl-job, admin JobScheduleHelper#scheduleThread] c.x.j.a.c.thread.JobScheduleHelper [JobScheduleHelper.java : 52] >>>>>>>>> init xxl-job admin scheduler success.
2025-04-03 04:37:30,968 INFO [xxl-job, admin JobScheduleHelper#scheduleThread] c.x.j.a.c.thread.JobScheduleHelper [JobScheduleHelper.java : 212] >>>>>>>>>>> xxl-job, JobScheduleHelper#scheduleThread stop
2025-04-03 04:37:31,000 INFO [xxl-job, admin JobScheduleHelper#ringThread] c.x.j.a.c.thread.JobScheduleHelper [JobScheduleHelper.java : 264] >>>>>>>>>>> xxl-job, JobScheduleHelper#ringThread stop
2025-04-03 04:37:31,971 INFO [SpringApplicationShutdownHook] c.x.j.a.c.thread.JobScheduleHelper [JobScheduleHelper.java : 364] >>>>>>>>>>> xxl-job, JobScheduleHelper stop
2025-04-03 04:37:31,972 INFO [xxl-job, admin JobLogReportHelper] c.x.j.a.c.thread.JobLogReportHelper [JobLogReportHelper.java : 139] >>>>>>>>>>> xxl-job, job log report thread stop
2025-04-03 04:37:31,973 INFO [xxl-job, admin JobLosedMonitorHelper] c.x.j.a.c.thread.JobCompleteHelper [JobCompleteHelper.java : 111] >>>>>>>>>>> xxl-job, JobLosedMonitorHelper stop
2025-04-03 04:37:31,974 INFO [xxl-job, admin JobFailMonitorHelper] c.x.j.a.c.t.JobFailMonitorHelper [JobFailMonitorHelper.java : 90] >>>>>>>>>>> xxl-job, job fail monitor thread stop
2025-04-03 04:37:31,974 INFO [xxl-job, admin JobRegistryMonitorHelper-registryMonitorThread] c.x.j.a.c.thread.JobRegistryHelper [JobRegistryHelper.java : 123] >>>>>>>>>>> xxl-job, job registry monitor thread stop
2025-04-03 04:37:31,976 INFO [SpringApplicationShutdownHook] c.x.j.a.c.t.JobTriggerPoolHelper [JobTriggerPoolHelper.java : 60] >>>>>>>>> xxl-job trigger thread pool shutdown success.
2025-04-03 04:37:31,979 INFO [SpringApplicationShutdownHook] com.zaxxer.hikari.HikariDataSource [HikariDataSource.java : 350] HikariCP - Shutdown initiated...
2025-04-03 04:37:31,986 INFO [SpringApplicationShutdownHook] com.zaxxer.hikari.HikariDataSource [HikariDataSource.java : 352] HikariCP - Shutdown completed.
